"tract_name","request_type","request_count"
1.01,"NON_RECYCLABLE ITEMS",137
1.01,"GRAFFITI",97
1.01,"311 DOCUMENT",51
1.01,"CDOT POTHOLE REPAIR",30
1.01,"HNS HEALTH AND SANITATION",27
1.01,"ZONING/COMPLAINT/ INSPECT",24
1.01,"ZON GENERAL INFO  INQUIRY",24
1.01,"CDOT SIDEWALK REPAIR",20
1.01,"RECYCLABLE ITEMS",17
1.01,"ZON SIGNS INQUIRY",14
1.02,"NON_RECYCLABLE ITEMS",414
1.02,"GRAFFITI",143
1.02,"RECYCLABLE ITEMS",58
1.02,"311 DOCUMENT",48
1.02,"MISSED BULKY ITEM",37
1.02,"ZON GENERAL INFO  INQUIRY",34
1.02,"MISSED GARBAGE",27
1.02,"HNS HEALTH AND SANITATION",23
1.02,"CDOT POTHOLE REPAIR",23
1.02,"CDOT SIDEWALK REPAIR",22
1.03,"NON_RECYCLABLE ITEMS",418
1.03,"GRAFFITI",107
1.03,"SIGNS (NOT FOR 311 USE)",47
1.03,"RECYCLABLE ITEMS",39
1.03,"311 DOCUMENT",24
1.03,"MISSED RECYCLING",24
1.03,"HNS HEALTH AND SANITATION",22
1.03,"MISSED GARBAGE",22
1.03,"CDOT SIDEWALK REPAIR",20
1.03,"CDOT STREETLIGHT REPAIR",19
1.04,"NON_RECYCLABLE ITEMS",229
1.04,"GRAFFITI",170
1.04,"311 DOCUMENT",48
1.04,"HNS HEALTH AND SANITATION",46
1.04,"MISSED RECYCLING",43
1.04,"CDOT SIDEWALK REPAIR",40
1.04,"RECYCLABLE ITEMS",31
1.04,"CDOT STREETLIGHT REPAIR",31
1.04,"ZON GENERAL INFO  INQUIRY",30
1.04,"ZONING/COMPLAINT/ INSPECT",25
10,"NON_RECYCLABLE ITEMS",3229
10,"RECYCLABLE ITEMS",530
10,"HNS HEALTH AND SANITATION",337
10,"MISSED RECYCLING",217
10,"SW DOCUMENT GARBAGE",136
10,"GRAFFITI",123
10,"CART REPAIR-GARBAGE",123
10,"SW DOCUMENT RECYCLING",111
10,"ZONING/COMPLAINT/ INSPECT",98
10,"311 DOCUMENT",91
11,"NON_RECYCLABLE ITEMS",3227
11,"RECYCLABLE ITEMS",517
11,"HNS HEALTH AND SANITATION",378
11,"MISSED RECYCLING",175
11,"GRAFFITI",157
11,"LANDSCAPE TREES",101
11,"CART REPAIR-GARBAGE",95
11,"SW DOCUMENT GARBAGE",91
11,"311 DOCUMENT",87
11,"SW DOCUMENT RECYCLING",78
12,"NON_RECYCLABLE ITEMS",5754
12,"RECYCLABLE ITEMS",999
12,"HNS HEALTH AND SANITATION",608
12,"SW DOCUMENT GARBAGE",218
12,"MISSED RECYCLING",215
12,"CART REPAIR-GARBAGE",175
12,"CDOT STREETLIGHT REPAIR",149
12,"SW DOCUMENT RECYCLING",128
12,"311 DOCUMENT",125
12,"SW DOCUMENT YARD WASTE",98
13,"NON_RECYCLABLE ITEMS",6391
13,"RECYCLABLE ITEMS",1489
13,"HNS HEALTH AND SANITATION",934
13,"SW DOCUMENT GARBAGE",311
13,"CART REPAIR-GARBAGE",237
13,"CART ISSUE/MISSING CART",211
13,"311 DOCUMENT",187
13,"MISSED RECYCLING",182
13,"SW DOCUMENT RECYCLING",138
13,"HNS HOUSING",129
14,"NON_RECYCLABLE ITEMS",3883
14,"RECYCLABLE ITEMS",718
14,"HNS HEALTH AND SANITATION",581
14,"GRAFFITI",243
14,"MISSED RECYCLING",213
14,"SW DOCUMENT GARBAGE",177
14,"CART REPAIR-GARBAGE",152
14,"ZON GENERAL INFO  INQUIRY",134
14,"SW DOCUMENT RECYCLING",116
14,"311 DOCUMENT",113
15.04,"NON_RECYCLABLE ITEMS",7888
15.04,"HNS HEALTH AND SANITATION",2296
15.04,"RECYCLABLE ITEMS",2070
15.04,"PARKING ON LAWN WORKDAYS",618
15.04,"CART REPAIR-GARBAGE",354
15.04,"SW DOCUMENT GARBAGE",340
15.04,"311 DOCUMENT",292
15.04,"PARKING ON LAWN OFFHOURS",248
15.04,"ZONING/COMPLAINT/ INSPECT",233
15.04,"SW DOCUMENT RECYCLING",171
15.05,"NON_RECYCLABLE ITEMS",4991
15.05,"RECYCLABLE ITEMS",1381
15.05,"HNS HEALTH AND SANITATION",471
15.05,"CART REPAIR-GARBAGE",222
15.05,"MISSED RECYCLING",188
15.05,"ZONING/COMPLAINT/ INSPECT",150
15.05,"CDOT STREETLIGHT REPAIR",129
15.05,"TIRES",127
15.05,"311 DOCUMENT",119
15.05,"SW DOCUMENT GARBAGE",117
15.07,"NON_RECYCLABLE ITEMS",3742
15.07,"RECYCLABLE ITEMS",823
15.07,"HNS HEALTH AND SANITATION",615
15.07,"CART REPAIR-GARBAGE",135
15.07,"SW DOCUMENT GARBAGE",133
15.07,"HNS HOUSING",133
15.07,"PARKING ON LAWN WORKDAYS",117
15.07,"ZONING/COMPLAINT/ INSPECT",99
15.07,"TIRES",91
15.07,"311 DOCUMENT",80
15.08,"NON_RECYCLABLE ITEMS",7537
15.08,"RECYCLABLE ITEMS",2096
15.08,"HNS HEALTH AND SANITATION",1013
15.08,"MISSED RECYCLING",339
15.08,"CART REPAIR-GARBAGE",323
15.08,"SW DOCUMENT GARBAGE",258
15.08,"PARKING ON LAWN WORKDAYS",222
15.08,"311 DOCUMENT",216
15.08,"TIRES",197
15.08,"CDOT STREETLIGHT REPAIR",184
15.09,"NON_RECYCLABLE ITEMS",5234
15.09,"RECYCLABLE ITEMS",1647
15.09,"HNS HEALTH AND SANITATION",855
15.09,"CART REPAIR-GARBAGE",248
15.09,"311 DOCUMENT",201
15.09,"SW DOCUMENT GARBAGE",152
15.09,"CDOT STREETLIGHT REPAIR",148
15.09,"SW DOCUMENT YARD WASTE",123
15.09,"TIRES",117
15.09,"DEAD ANIMAL COLLECTION",116
15.10,"NON_RECYCLABLE ITEMS",4360
15.10,"RECYCLABLE ITEMS",1268
15.10,"HNS HEALTH AND SANITATION",831
15.10,"PARKING ON LAWN WORKDAYS",220
15.10,"CART REPAIR-GARBAGE",213
15.10,"SW DOCUMENT GARBAGE",159
15.10,"311 DOCUMENT",147
15.10,"CDOT STREETLIGHT REPAIR",117
15.10,"SW DOCUMENT YARD WASTE",107
15.10,"TIRES",90
16.03,"NON_RECYCLABLE ITEMS",4161
16.03,"RECYCLABLE ITEMS",1069
16.03,"HNS HEALTH AND SANITATION",947
16.03,"SW DOCUMENT GARBAGE",153
16.03,"CART REPAIR-GARBAGE",151
16.03,"311 DOCUMENT",103
16.03,"MISSED RECYCLING",88
16.03,"CDOT STREETLIGHT REPAIR",86
16.03,"HNS HOUSING",82
16.03,"SW DOCUMENT YARD WASTE",62
16.05,"NON_RECYCLABLE ITEMS",1762
16.05,"RECYCLABLE ITEMS",329
16.05,"HNS HEALTH AND SANITATION",267
16.05,"SIGNS (NOT FOR 311 USE)",57
16.05,"CART REPAIR-GARBAGE",46
16.05,"311 DOCUMENT",37
16.05,"HNS HOUSING",36
16.05,"SW DOCUMENT GARBAGE",36
16.05,"MISSED RECYCLING",33
16.05,"TIRES",26
16.06,"NON_RECYCLABLE ITEMS",4508
16.06,"HNS HEALTH AND SANITATION",1232
16.06,"RECYCLABLE ITEMS",1028
16.06,"CART REPAIR-GARBAGE",177
16.06,"SW DOCUMENT GARBAGE",176
16.06,"311 DOCUMENT",108
16.06,"CDOT STREETLIGHT REPAIR",91
16.06,"TIRES",82
16.06,"MISSED GARBAGE",78
16.06,"SW DOCUMENT YARD WASTE",73
16.07,"NON_RECYCLABLE ITEMS",1636
16.07,"RECYCLABLE ITEMS",344
16.07,"HNS HEALTH AND SANITATION",320
16.07,"HNS HOUSING",179
16.07,"CART REPAIR-GARBAGE",82
16.07,"ZONING/COMPLAINT/ INSPECT",64
16.07,"311 DOCUMENT",50
16.07,"ZON GENERAL INFO  INQUIRY",36
16.07,"DEAD ANIMAL COLLECTION",36
16.07,"PARKING ON LAWN WORKDAYS",35
16.08,"NON_RECYCLABLE ITEMS",4838
16.08,"RECYCLABLE ITEMS",1304
16.08,"HNS HEALTH AND SANITATION",987
16.08,"SW DOCUMENT GARBAGE",185
16.08,"CART REPAIR-GARBAGE",165
16.08,"311 DOCUMENT",164
16.08,"CART ISSUE/MISSING CART",144
16.08,"PARKING ON LAWN WORKDAYS",140
16.08,"TIRES",137
16.08,"MISSED RECYCLING",119
16.09,"NON_RECYCLABLE ITEMS",2894
16.09,"RECYCLABLE ITEMS",713
16.09,"HNS HEALTH AND SANITATION",438
16.09,"CART REPAIR-GARBAGE",119
16.09,"311 DOCUMENT",101
16.09,"SW DOCUMENT GARBAGE",91
16.09,"HNS HOUSING",75
16.09,"MISSED RECYCLING",65
16.09,"SW DOCUMENT YARD WASTE",63
16.09,"CART ISSUE/MISSING CART",60
17.01,"NON_RECYCLABLE ITEMS",3924
17.01,"RECYCLABLE ITEMS",484
17.01,"HNS HEALTH AND SANITATION",235
17.01,"HNS HOUSING",120
17.01,"MISSED RECYCLING",102
17.01,"SW DOCUMENT GARBAGE",79
17.01,"ZONING/COMPLAINT/ INSPECT",69
17.01,"CART ISSUE/MISSING CART",66
17.01,"311 DOCUMENT",61
17.01,"CART REPAIR-GARBAGE",57
17.02,"NON_RECYCLABLE ITEMS",6167
17.02,"RECYCLABLE ITEMS",1194
17.02,"HNS HEALTH AND SANITATION",704
17.02,"HNS HOUSING",179
17.02,"CART REPAIR-GARBAGE",168
17.02,"SW DOCUMENT GARBAGE",143
17.02,"311 DOCUMENT",134
17.02,"MISSED RECYCLING",132
17.02,"GRAFFITI",120
17.02,"SW DOCUMENT YARD WASTE",110
18.01,"NON_RECYCLABLE ITEMS",1940
18.01,"RECYCLABLE ITEMS",434
18.01,"HNS HEALTH AND SANITATION",298
18.01,"SW DOCUMENT GARBAGE",59
18.01,"MISSED RECYCLING",49
18.01,"SIGNS (NOT FOR 311 USE)",49
18.01,"311 DOCUMENT",46
18.01,"CART REPAIR-GARBAGE",45
18.01,"ZON GENERAL INFO  INQUIRY",43
18.01,"ZONING/COMPLAINT/ INSPECT",40
18.02,"NON_RECYCLABLE ITEMS",4881
18.02,"RECYCLABLE ITEMS",986
18.02,"HNS HEALTH AND SANITATION",475
18.02,"SW DOCUMENT GARBAGE",140
18.02,"CART REPAIR-GARBAGE",125
18.02,"311 DOCUMENT",123
18.02,"MISSED RECYCLING",121
18.02,"ZONING/COMPLAINT/ INSPECT",102
18.02,"CART DELIVERY RECYCLING",92
18.02,"CART(S) DEL- NEW BUILD",86
19.10,"NON_RECYCLABLE ITEMS",4285
19.10,"RECYCLABLE ITEMS",1015
19.10,"HNS HEALTH AND SANITATION",302
19.10,"CART REPAIR-GARBAGE",160
19.10,"HNS HOUSING",148
19.10,"311 DOCUMENT",122
19.10,"SW DOCUMENT GARBAGE",120
19.10,"TIRES",115
19.10,"CDOT STREETLIGHT REPAIR",93
19.10,"DEAD ANIMAL COLLECTION",82
19.11,"NON_RECYCLABLE ITEMS",8054
19.11,"RECYCLABLE ITEMS",2344
19.11,"HNS HEALTH AND SANITATION",1065
19.11,"CART REPAIR-GARBAGE",346
19.11,"SW DOCUMENT GARBAGE",315
19.11,"MISSED RECYCLING",282
19.11,"CDOT STREETLIGHT REPAIR",235
19.11,"311 DOCUMENT",233
19.11,"TIRES",208
19.11,"SW DOCUMENT RECYCLING",204
19.14,"NON_RECYCLABLE ITEMS",4787
19.14,"RECYCLABLE ITEMS",1092
19.14,"HNS HEALTH AND SANITATION",836
19.14,"CART REPAIR-GARBAGE",171
19.14,"SW DOCUMENT GARBAGE",111
19.14,"311 DOCUMENT",94
19.14,"DEAD ANIMAL COLLECTION",91
19.14,"ZONING/COMPLAINT/ INSPECT",82
19.14,"MISSED RECYCLING",75
19.14,"SW DOCUMENT RECYCLING",72
19.16,"NON_RECYCLABLE ITEMS",4880
19.16,"RECYCLABLE ITEMS",1314
19.16,"HNS HEALTH AND SANITATION",597
19.16,"CART REPAIR-GARBAGE",264
19.16,"MISSED RECYCLING",224
19.16,"SW DOCUMENT GARBAGE",198
19.16,"CART ISSUE/MISSING CART",176
19.16,"311 DOCUMENT",175
19.16,"SW DOCUMENT RECYCLING",141
19.16,"CDOT STREETLIGHT REPAIR",126
19.17,"NON_RECYCLABLE ITEMS",1712
19.17,"RECYCLABLE ITEMS",487
19.17,"HNS HEALTH AND SANITATION",269
19.17,"MISSED RECYCLING",108
19.17,"311 DOCUMENT",97
19.17,"CART REPAIR-GARBAGE",75
19.17,"CDOT STREETLIGHT REPAIR",73
19.17,"SW DOCUMENT GARBAGE",59
19.17,"SW DOCUMENT YARD WASTE",44
19.17,"ZONING/COMPLAINT/ INSPECT",43
19.18,"NON_RECYCLABLE ITEMS",2730
19.18,"RECYCLABLE ITEMS",504
19.18,"HNS HEALTH AND SANITATION",407
19.18,"HNS HOUSING",149
19.18,"CART REPAIR-GARBAGE",89
19.18,"311 DOCUMENT",87
19.18,"MISSED RECYCLING",72
19.18,"SW DOCUMENT GARBAGE",64
19.18,"SW DOCUMENT RECYCLING",63
19.18,"DEAD ANIMAL COLLECTION",61
19.19,"NON_RECYCLABLE ITEMS",4746
19.19,"RECYCLABLE ITEMS",1268
19.19,"HNS HEALTH AND SANITATION",380
19.19,"CART REPAIR-GARBAGE",186
19.19,"SW DOCUMENT GARBAGE",176
19.19,"MISSED RECYCLING",155
19.19,"311 DOCUMENT",140
19.19,"SW DOCUMENT RECYCLING",136
19.19,"CDOT STREETLIGHT REPAIR",88
19.19,"CART ISSUE/MISSING CART",87
19.20,"NON_RECYCLABLE ITEMS",5393
19.20,"RECYCLABLE ITEMS",1630
19.20,"HNS HEALTH AND SANITATION",757
19.20,"CART REPAIR-GARBAGE",242
19.20,"SW DOCUMENT GARBAGE",148
19.20,"311 DOCUMENT",130
19.20,"TIRES",126
19.20,"PARKING ON LAWN WORKDAYS",114
19.20,"ZONING/COMPLAINT/ INSPECT",104
19.20,"MISSED RECYCLING",98
19.21,"NON_RECYCLABLE ITEMS",3451
19.21,"RECYCLABLE ITEMS",1039
19.21,"HNS HEALTH AND SANITATION",411
19.21,"CART REPAIR-GARBAGE",162
19.21,"SW DOCUMENT GARBAGE",97
19.21,"MISSED RECYCLING",85
19.21,"311 DOCUMENT",85
19.21,"CDOT STREETLIGHT REPAIR",81
19.21,"TIRES",73
19.21,"CART ISSUE/MISSING CART",65
19.22,"NON_RECYCLABLE ITEMS",5366
19.22,"RECYCLABLE ITEMS",1628
19.22,"HNS HEALTH AND SANITATION",772
19.22,"CART REPAIR-GARBAGE",328
19.22,"SW DOCUMENT GARBAGE",193
19.22,"CDOT STREETLIGHT REPAIR",187
19.22,"311 DOCUMENT",166
19.22,"MISSED RECYCLING",153
19.22,"TIRES",138
19.22,"CART ISSUE/MISSING CART",136
19.23,"NON_RECYCLABLE ITEMS",2874
19.23,"RECYCLABLE ITEMS",850
19.23,"HNS HEALTH AND SANITATION",387
19.23,"HNS HOUSING",203
19.23,"CART REPAIR-GARBAGE",201
19.23,"PARKING ON LAWN WORKDAYS",161
19.23,"SW DOCUMENT GARBAGE",129
19.23,"311 DOCUMENT",111
19.23,"CDOT STREETLIGHT REPAIR",102
19.23,"TIRES",81
19.24,"NON_RECYCLABLE ITEMS",2545
19.24,"RECYCLABLE ITEMS",662
19.24,"HNS HEALTH AND SANITATION",256
19.24,"SW DOCUMENT GARBAGE",149
19.24,"CART REPAIR-GARBAGE",101
19.24,"311 DOCUMENT",87
19.24,"CART ISSUE/MISSING CART",70
19.24,"HNS HOUSING",66
19.24,"CDOT STREETLIGHT REPAIR",47
19.24,"SW DOCUMENT YARD WASTE",46
19.25,"NON_RECYCLABLE ITEMS",2992
19.25,"RECYCLABLE ITEMS",686
19.25,"HNS HEALTH AND SANITATION",270
19.25,"CART REPAIR-GARBAGE",148
19.25,"HNS HOUSING",111
19.25,"TIRES",82
19.25,"311 DOCUMENT",80
19.25,"SW DOCUMENT GARBAGE",72
19.25,"CDOT STREETLIGHT REPAIR",62
19.25,"SW DOCUMENT YARD WASTE",57
19.26,"NON_RECYCLABLE ITEMS",3491
19.26,"RECYCLABLE ITEMS",763
19.26,"HNS HEALTH AND SANITATION",201
19.26,"SW DOCUMENT GARBAGE",129
19.26,"CART REPAIR-GARBAGE",94
19.26,"311 DOCUMENT",78
19.26,"HNS HOUSING",62
19.26,"MISSED RECYCLING",57
19.26,"CART ISSUE/MISSING CART",55
19.26,"CDOT STREETLIGHT REPAIR",49
19.27,"NON_RECYCLABLE ITEMS",1246
19.27,"RECYCLABLE ITEMS",171
19.27,"HNS HOUSING",88
19.27,"HNS HEALTH AND SANITATION",87
19.27,"MISSED GARBAGE",34
19.27,"MISSED BULKY ITEM",28
19.27,"DEAD ANIMAL COLLECTION",27
19.27,"TIRES",26
19.27,"ZON GENERAL INFO  INQUIRY",17
19.27,"SW DOCUMENT GARBAGE",14
20.04,"NON_RECYCLABLE ITEMS",4309
20.04,"RECYCLABLE ITEMS",790
20.04,"MISSED RECYCLING",264
20.04,"HNS HEALTH AND SANITATION",231
20.04,"CART REPAIR-GARBAGE",182
20.04,"CDOT STREETLIGHT REPAIR",128
20.04,"SW DOCUMENT YARD WASTE",128
20.04,"SW DOCUMENT RECYCLING",126
20.04,"SW DOCUMENT GARBAGE",121
20.04,"HNS HOUSING",113
20.05,"NON_RECYCLABLE ITEMS",1374
20.05,"RECYCLABLE ITEMS",289
20.05,"MISSED RECYCLING",83
20.05,"SIGNS (NOT FOR 311 USE)",68
20.05,"HNS HEALTH AND SANITATION",68
20.05,"CART REPAIR-GARBAGE",54
20.05,"SW DOCUMENT GARBAGE",49
20.05,"311 DOCUMENT",43
20.05,"SW DOCUMENT RECYCLING",41
20.05,"MISSED GARBAGE",39
20.06,"NON_RECYCLABLE ITEMS",5769
20.06,"RECYCLABLE ITEMS",1071
20.06,"HNS HEALTH AND SANITATION",263
20.06,"MISSED RECYCLING",189
20.06,"CART REPAIR-GARBAGE",177
20.06,"SW DOCUMENT GARBAGE",149
20.06,"SW DOCUMENT YARD WASTE",109
20.06,"SW DOCUMENT RECYCLING",103
20.06,"311 DOCUMENT",101
20.06,"CDOT STREETLIGHT REPAIR",95
20.07,"NON_RECYCLABLE ITEMS",4260
20.07,"RECYCLABLE ITEMS",870
20.07,"HNS HEALTH AND SANITATION",354
20.07,"CART REPAIR-GARBAGE",94
20.07,"SW DOCUMENT GARBAGE",76
20.07,"311 DOCUMENT",63
20.07,"SW DOCUMENT YARD WASTE",63
20.07,"CDOT STREETLIGHT REPAIR",62
20.07,"DEAD ANIMAL COLLECTION",45
20.07,"ZONING/COMPLAINT/ INSPECT",45
20.08,"NON_RECYCLABLE ITEMS",5702
20.08,"RECYCLABLE ITEMS",1176
20.08,"HNS HEALTH AND SANITATION",272
20.08,"CART REPAIR-GARBAGE",226
20.08,"SW DOCUMENT GARBAGE",130
20.08,"CDOT STREETLIGHT REPAIR",117
20.08,"MISSED RECYCLING",109
20.08,"SW DOCUMENT YARD WASTE",102
20.08,"311 DOCUMENT",92
20.08,"CART REPAIR-RECYCLE",91
21,"NON_RECYCLABLE ITEMS",4003
21,"RECYCLABLE ITEMS",725
21,"HNS HEALTH AND SANITATION",230
21,"MISSED RECYCLING",159
21,"SW DOCUMENT GARBAGE",116
21,"CART REPAIR-GARBAGE",103
21,"SW DOCUMENT RECYCLING",97
21,"MISSED GARBAGE",89
21,"CART ISSUE/MISSING CART",71
21,"311 DOCUMENT",63
22.01,"NON_RECYCLABLE ITEMS",2532
22.01,"RECYCLABLE ITEMS",436
22.01,"HNS HEALTH AND SANITATION",199
22.01,"MISSED RECYCLING",173
22.01,"CART REPAIR-GARBAGE",108
22.01,"SW DOCUMENT RECYCLING",82
22.01,"311 DOCUMENT",69
22.01,"SW DOCUMENT GARBAGE",64
22.01,"CDOT POTHOLE REPAIR",53
22.01,"SIGNS (NOT FOR 311 USE)",52
22.02,"NON_RECYCLABLE ITEMS",2212
22.02,"RECYCLABLE ITEMS",470
22.02,"MISSED RECYCLING",364
22.02,"SW DOCUMENT GARBAGE",184
22.02,"SW DOCUMENT RECYCLING",172
22.02,"CART REPAIR-GARBAGE",140
22.02,"HNS HEALTH AND SANITATION",120
22.02,"311 DOCUMENT",69
22.02,"CART PURCHASE 2ND-GARBAGE",66
22.02,"CART PURCHASE 2ND-RECYCLE",64
23,"NON_RECYCLABLE ITEMS",4177
23,"RECYCLABLE ITEMS",1042
23,"HNS HEALTH AND SANITATION",400
23,"HNS HOUSING",171
23,"SW DOCUMENT GARBAGE",112
23,"311 DOCUMENT",103
23,"CART ISSUE/MISSING CART",101
23,"CART REPAIR-GARBAGE",85
23,"TIRES",76
23,"CDOT STREETLIGHT REPAIR",60
24,"NON_RECYCLABLE ITEMS",2408
24,"RECYCLABLE ITEMS",383
24,"HNS HEALTH AND SANITATION",253
24,"MISSED RECYCLING",185
24,"SW DOCUMENT GARBAGE",97
24,"CART REPAIR-GARBAGE",87
24,"CART ISSUE/MISSING CART",86
24,"SW DOCUMENT RECYCLING",76
24,"CDOT STREETLIGHT REPAIR",74
24,"311 DOCUMENT",69
25,"NON_RECYCLABLE ITEMS",1620
25,"RECYCLABLE ITEMS",288
25,"MISSED RECYCLING",265
25,"HNS HEALTH AND SANITATION",207
25,"SW DOCUMENT GARBAGE",157
25,"SW DOCUMENT RECYCLING",127
25,"MISSED GARBAGE",111
25,"GRAFFITI",82
25,"CART REPAIR-GARBAGE",80
25,"CDOT POTHOLE REPAIR",75
26,"NON_RECYCLABLE ITEMS",1067
26,"RECYCLABLE ITEMS",240
26,"HNS HEALTH AND SANITATION",130
26,"MISSED RECYCLING",111
26,"CDOT POTHOLE REPAIR",62
26,"SW DOCUMENT GARBAGE",46
26,"CART(S) DEL- NEW BUILD",46
26,"CART DELIVERY RECYCLING",45
26,"CART ONLY DELIVER-GARB",45
26,"SIGNS (NOT FOR 311 USE)",42
27.01,"NON_RECYCLABLE ITEMS",1510
27.01,"RECYCLABLE ITEMS",248
27.01,"MISSED RECYCLING",233
27.01,"CART REPAIR-GARBAGE",140
27.01,"HNS HEALTH AND SANITATION",90
27.01,"CDOT SIDEWALK REPAIR",79
27.01,"LANDSCAPE TREES",79
27.01,"SW DOCUMENT GARBAGE",76
27.01,"CART REPAIR-RECYCLE",71
27.01,"CDOT POTHOLE REPAIR",68
27.02,"NON_RECYCLABLE ITEMS",4931
27.02,"RECYCLABLE ITEMS",802
27.02,"MISSED RECYCLING",436
27.02,"CART REPAIR-GARBAGE",353
27.02,"SW DOCUMENT GARBAGE",245
27.02,"HNS HEALTH AND SANITATION",231
27.02,"SW DOCUMENT RECYCLING",204
27.02,"CART ISSUE/MISSING CART",176
27.02,"LANDSCAPE TREES",160
27.02,"311 DOCUMENT",140
28,"NON_RECYCLABLE ITEMS",3398
28,"RECYCLABLE ITEMS",509
28,"CART REPAIR-GARBAGE",268
28,"MISSED RECYCLING",261
28,"LANDSCAPE TREES",149
28,"SW DOCUMENT GARBAGE",145
28,"SW DOCUMENT RECYCLING",140
28,"HNS HEALTH AND SANITATION",129
28,"CART REPAIR-RECYCLE",119
28,"CART PURCHASE 2ND-RECYCLE",110
29.03,"NON_RECYCLABLE ITEMS",2737
29.03,"RECYCLABLE ITEMS",560
29.03,"MISSED RECYCLING",259
29.03,"CART REPAIR-GARBAGE",191
29.03,"SW DOCUMENT GARBAGE",160
29.03,"CART PURCHASE 2ND-RECYCLE",101
29.03,"311 DOCUMENT",101
29.03,"SW DOCUMENT RECYCLING",93
29.03,"CART PURCHASE 2ND-GARBAGE",83
29.03,"SW DOCUMENT YARD WASTE",75
29.05,"NON_RECYCLABLE ITEMS",2770
29.05,"RECYCLABLE ITEMS",445
29.05,"MISSED RECYCLING",281
29.05,"CART REPAIR-GARBAGE",129
29.05,"HNS HEALTH AND SANITATION",128
29.05,"SW DOCUMENT RECYCLING",110
29.05,"CART PURCHASE 2ND-GARBAGE",91
29.05,"CART PURCHASE 2ND-RECYCLE",88
29.05,"SW DOCUMENT GARBAGE",85
29.05,"CART REPAIR-RECYCLE",84
29.07,"NON_RECYCLABLE ITEMS",2961
29.07,"RECYCLABLE ITEMS",563
29.07,"MISSED RECYCLING",214
29.07,"CART REPAIR-GARBAGE",131
29.07,"SW DOCUMENT GARBAGE",121
29.07,"SW DOCUMENT RECYCLING",106
29.07,"HNS HEALTH AND SANITATION",67
29.07,"SW DOCUMENT YARD WASTE",63
29.07,"311 DOCUMENT",53
29.07,"CART PURCHASE 2ND-RECYCLE",49
29.08,"NON_RECYCLABLE ITEMS",4511
29.08,"RECYCLABLE ITEMS",748
29.08,"MISSED RECYCLING",318
29.08,"HNS HEALTH AND SANITATION",257
29.08,"CART REPAIR-GARBAGE",174
29.08,"CDOT STREETLIGHT REPAIR",145
29.08,"SW DOCUMENT RECYCLING",108
29.08,"SW DOCUMENT GARBAGE",107
29.08,"311 DOCUMENT",88
29.08,"SW DOCUMENT YARD WASTE",75
29.09,"NON_RECYCLABLE ITEMS",1349
29.09,"RECYCLABLE ITEMS",174
29.09,"HNS HEALTH AND SANITATION",63
29.09,"SW DOCUMENT GARBAGE",51
29.09,"CDOT POTHOLE REPAIR",42
29.09,"311 DOCUMENT",38
29.09,"STREET SWEEPING/FLUSHING",33
29.09,"CART REPAIR-GARBAGE",31
29.09,"MISSED RECYCLING",28
29.09,"SW DOCUMENT RECYCLING",23
29.10,"NON_RECYCLABLE ITEMS",3339
29.10,"RECYCLABLE ITEMS",612
29.10,"MISSED RECYCLING",192
29.10,"HNS HEALTH AND SANITATION",152
29.10,"SW DOCUMENT GARBAGE",93
29.10,"CART REPAIR-GARBAGE",93
29.10,"SW DOCUMENT RECYCLING",85
29.10,"311 DOCUMENT",63
29.10,"CART PURCHASE 2ND-RECYCLE",51
29.10,"CDOT STREETLIGHT REPAIR",46
3.01,"NON_RECYCLABLE ITEMS",120
3.01,"SW DOCUMENT GARBAGE",29
3.01,"MISSED RECYCLING",27
3.01,"ZONING/COMPLAINT/ INSPECT",22
3.01,"MISSED GARBAGE",20
3.01,"SIGNS (NOT FOR 311 USE)",15
3.01,"311 DOCUMENT",14
3.01,"HNS HEALTH AND SANITATION",8
3.01,"MISSED BULKY ITEM",8
3.01,"SW DOCUMENT RECYCLING",8
3.02,"NON_RECYCLABLE ITEMS",490
3.02,"RECYCLABLE ITEMS",87
3.02,"311 DOCUMENT",25
3.02,"MISSED RECYCLING",23
3.02,"SW DOCUMENT GARBAGE",23
3.02,"MISSED BULKY ITEM",22
3.02,"MISSED GARBAGE",18
3.02,"HNS HEALTH AND SANITATION",16
3.02,"ZON GENERAL INFO  INQUIRY",12
3.02,"HNS HOUSING",12
30.06,"NON_RECYCLABLE ITEMS",5483
30.06,"RECYCLABLE ITEMS",962
30.06,"MISSED RECYCLING",253
30.06,"CART REPAIR-GARBAGE",161
30.06,"CDOT STREETLIGHT REPAIR",138
30.06,"SW DOCUMENT RECYCLING",111
30.06,"SW DOCUMENT GARBAGE",93
30.06,"311 DOCUMENT",89
30.06,"CART PURCHASE 2ND-RECYCLE",71
30.06,"HNS HEALTH AND SANITATION",70
30.08,"NON_RECYCLABLE ITEMS",7427
30.08,"RECYCLABLE ITEMS",1537
30.08,"HNS HEALTH AND SANITATION",360
30.08,"MISSED RECYCLING",287
30.08,"CART REPAIR-GARBAGE",269
30.08,"CDOT STREETLIGHT REPAIR",194
30.08,"DEAD ANIMAL COLLECTION",145
30.08,"SW DOCUMENT YARD WASTE",142
30.08,"311 DOCUMENT",122
30.08,"SW DOCUMENT GARBAGE",116
30.12,"NON_RECYCLABLE ITEMS",4591
30.12,"RECYCLABLE ITEMS",840
30.12,"CART REPAIR-GARBAGE",178
30.12,"MISSED RECYCLING",175
30.12,"SW DOCUMENT GARBAGE",81
30.12,"HNS HEALTH AND SANITATION",75
30.12,"SW DOCUMENT RECYCLING",74
30.12,"CART REPAIR-RECYCLE",65
30.12,"CDOT STREETLIGHT REPAIR",65
30.12,"311 DOCUMENT",62
30.13,"NON_RECYCLABLE ITEMS",7351
30.13,"RECYCLABLE ITEMS",1257
30.13,"MISSED RECYCLING",520
30.13,"CART REPAIR-GARBAGE",321
30.13,"SW DOCUMENT GARBAGE",222
30.13,"HNS HEALTH AND SANITATION",201
30.13,"DEAD ANIMAL COLLECTION",186
30.13,"CDOT STREETLIGHT REPAIR",166
30.13,"SW DOCUMENT RECYCLING",166
30.13,"SW DOCUMENT YARD WASTE",159
30.15,"NON_RECYCLABLE ITEMS",7251
30.15,"RECYCLABLE ITEMS",1443
30.15,"HNS HEALTH AND SANITATION",281
30.15,"CART REPAIR-GARBAGE",244
30.15,"CDOT STREETLIGHT REPAIR",216
30.15,"SW DOCUMENT GARBAGE",183
30.15,"MISSED RECYCLING",173
30.15,"311 DOCUMENT",123
30.15,"CART REPAIR-RECYCLE",104
30.15,"SW DOCUMENT YARD WASTE",99
30.16,"NON_RECYCLABLE ITEMS",3812
30.16,"RECYCLABLE ITEMS",711
30.16,"CART REPAIR-GARBAGE",144
30.16,"MISSED RECYCLING",122
30.16,"CDOT STREETLIGHT REPAIR",88
30.16,"SW DOCUMENT GARBAGE",84
30.16,"SW DOCUMENT RECYCLING",71
30.16,"HNS HEALTH AND SANITATION",64
30.16,"SW DOCUMENT YARD WASTE",62
30.16,"CART REPAIR-RECYCLE",56
30.17,"NON_RECYCLABLE ITEMS",6005
30.17,"RECYCLABLE ITEMS",1090
30.17,"CART REPAIR-GARBAGE",223
30.17,"MISSED RECYCLING",177
30.17,"CDOT STREETLIGHT REPAIR",169
30.17,"HNS HEALTH AND SANITATION",132
30.17,"SW DOCUMENT RECYCLING",119
30.17,"SW DOCUMENT GARBAGE",114
30.17,"CART REPAIR-RECYCLE",110
30.17,"SW DOCUMENT YARD WASTE",98
30.18,"NON_RECYCLABLE ITEMS",3619
30.18,"RECYCLABLE ITEMS",700
30.18,"MISSED RECYCLING",192
30.18,"CART REPAIR-GARBAGE",122
30.18,"HNS HEALTH AND SANITATION",120
30.18,"SW DOCUMENT GARBAGE",91
30.18,"SW DOCUMENT RECYCLING",81
30.18,"CDOT STREETLIGHT REPAIR",74
30.18,"311 DOCUMENT",68
30.18,"CART REPAIR-RECYCLE",52
30.19,"NON_RECYCLABLE ITEMS",3353
30.19,"RECYCLABLE ITEMS",611
30.19,"MISSED RECYCLING",221
30.19,"HNS HEALTH AND SANITATION",150
30.19,"CART REPAIR-GARBAGE",139
30.19,"SW DOCUMENT RECYCLING",101
30.19,"SW DOCUMENT GARBAGE",98
30.19,"DEAD ANIMAL COLLECTION",80
30.19,"CDOT STREETLIGHT REPAIR",66
30.19,"311 DOCUMENT",55
30.20,"NON_RECYCLABLE ITEMS",6027
30.20,"RECYCLABLE ITEMS",1010
30.20,"CART REPAIR-GARBAGE",290
30.20,"MISSED RECYCLING",278
30.20,"CDOT STREETLIGHT REPAIR",195
30.20,"SW DOCUMENT GARBAGE",171
30.20,"SW DOCUMENT YARD WASTE",142
30.20,"HNS HEALTH AND SANITATION",109
30.20,"SW DOCUMENT RECYCLING",106
30.20,"CART PURCHASE 2ND-GARBAGE",103
30.21,"NON_RECYCLABLE ITEMS",2832
30.21,"RECYCLABLE ITEMS",457
30.21,"MISSED RECYCLING",269
30.21,"SW DOCUMENT RECYCLING",150
30.21,"CART REPAIR-GARBAGE",138
30.21,"SW DOCUMENT GARBAGE",108
30.21,"311 DOCUMENT",61
30.21,"HNS HEALTH AND SANITATION",60
30.21,"CART ISSUE/MISSING CART",57
30.21,"INVESTIGATE/CONTACT RECY",51
30.22,"NON_RECYCLABLE ITEMS",4990
30.22,"RECYCLABLE ITEMS",850
30.22,"HNS HEALTH AND SANITATION",219
30.22,"CART REPAIR-GARBAGE",180
30.22,"MISSED RECYCLING",169
30.22,"311 DOCUMENT",147
30.22,"SW DOCUMENT GARBAGE",119
30.22,"SW DOCUMENT YARD WASTE",93
30.22,"SW DOCUMENT RECYCLING",88
30.22,"CART REPAIR-RECYCLE",70
31.02,"NON_RECYCLABLE ITEMS",4567
31.02,"HNS HEALTH AND SANITATION",833
31.02,"RECYCLABLE ITEMS",814
31.02,"CART REPAIR-GARBAGE",158
31.02,"MISSED RECYCLING",131
31.02,"311 DOCUMENT",122
31.02,"SIGNS (NOT FOR 311 USE)",106
31.02,"SW DOCUMENT GARBAGE",104
31.02,"SW DOCUMENT YARD WASTE",97
31.02,"PARKING ON LAWN WORKDAYS",89
31.05,"NON_RECYCLABLE ITEMS",6325
31.05,"RECYCLABLE ITEMS",1163
31.05,"CART REPAIR-GARBAGE",244
31.05,"MISSED RECYCLING",220
31.05,"HNS HEALTH AND SANITATION",218
31.05,"SW DOCUMENT GARBAGE",139
31.05,"SW DOCUMENT RECYCLING",135
31.05,"CDOT STREETLIGHT REPAIR",120
31.05,"SW DOCUMENT YARD WASTE",118
31.05,"311 DOCUMENT",93
31.06,"NON_RECYCLABLE ITEMS",3194
31.06,"RECYCLABLE ITEMS",686
31.06,"HNS HEALTH AND SANITATION",385
31.06,"CART REPAIR-GARBAGE",150
31.06,"SW DOCUMENT GARBAGE",116
31.06,"311 DOCUMENT",101
31.06,"SW DOCUMENT YARD WASTE",84
31.06,"ZONING/COMPLAINT/ INSPECT",78
31.06,"MISSED RECYCLING",64
31.06,"DEAD ANIMAL COLLECTION",56
31.08,"NON_RECYCLABLE ITEMS",3231
31.08,"RECYCLABLE ITEMS",780
31.08,"HNS HEALTH AND SANITATION",177
31.08,"HNS HOUSING",126
31.08,"CART REPAIR-GARBAGE",87
31.08,"TIRES",79
31.08,"311 DOCUMENT",68
31.08,"MISSED RECYCLING",56
31.08,"DEAD ANIMAL COLLECTION",49
31.08,"SW DOCUMENT YARD WASTE",49
31.09,"NON_RECYCLABLE ITEMS",1290
31.09,"HNS HOUSING",133
31.09,"RECYCLABLE ITEMS",64
31.09,"MISSED BULKY ITEM",44
31.09,"HNS HEALTH AND SANITATION",43
31.09,"311 DOCUMENT",36
31.09,"MISSED GARBAGE",23
31.09,"SW DOCUMENT GARBAGE",20
31.09,"DEAD ANIMAL COLLECTION",17
31.09,"MISSED RECYCLING",16
31.10,"NON_RECYCLABLE ITEMS",4439
31.10,"RECYCLABLE ITEMS",805
31.10,"HNS HEALTH AND SANITATION",324
31.10,"CART REPAIR-GARBAGE",126
31.10,"SW DOCUMENT GARBAGE",115
31.10,"SW DOCUMENT YARD WASTE",111
31.10,"311 DOCUMENT",95
31.10,"STREET SWEEPING/FLUSHING",92
31.10,"SW DOCUMENT RECYCLING",88
31.10,"MISSED RECYCLING",68
31.11,"NON_RECYCLABLE ITEMS",3144
31.11,"RECYCLABLE ITEMS",527
31.11,"HNS HEALTH AND SANITATION",280
31.11,"MISSED RECYCLING",94
31.11,"311 DOCUMENT",82
31.11,"CART REPAIR-GARBAGE",79
31.11,"SW DOCUMENT GARBAGE",65
31.11,"CDOT STREETLIGHT REPAIR",50
31.11,"SW DOCUMENT YARD WASTE",42
31.11,"SW DOCUMENT RECYCLING",41
32.01,"NON_RECYCLABLE ITEMS",3636
32.01,"RECYCLABLE ITEMS",592
32.01,"HNS HEALTH AND SANITATION",412
32.01,"CART REPAIR-GARBAGE",103
32.01,"311 DOCUMENT",80
32.01,"SW DOCUMENT GARBAGE",79
32.01,"SW DOCUMENT YARD WASTE",70
32.01,"GRAFFITI",70
32.01,"CDOT STREETLIGHT REPAIR",57
32.01,"CART REPAIR-RECYCLE",50
32.03,"NON_RECYCLABLE ITEMS",2731
32.03,"RECYCLABLE ITEMS",360
32.03,"HNS HEALTH AND SANITATION",168
32.03,"MISSED RECYCLING",86
32.03,"CART REPAIR-GARBAGE",72
32.03,"SW DOCUMENT RECYCLING",50
32.03,"SW DOCUMENT GARBAGE",48
32.03,"311 DOCUMENT",46
32.03,"CART ISSUE/MISSING CART",39
32.03,"DEAD ANIMAL COLLECTION",38
32.04,"NON_RECYCLABLE ITEMS",4433
32.04,"RECYCLABLE ITEMS",831
32.04,"HNS HEALTH AND SANITATION",289
32.04,"CART REPAIR-GARBAGE",180
32.04,"MISSED RECYCLING",166
32.04,"SW DOCUMENT GARBAGE",152
32.04,"SW DOCUMENT RECYCLING",97
32.04,"311 DOCUMENT",90
32.04,"CDOT STREETLIGHT REPAIR",88
32.04,"SW DOCUMENT YARD WASTE",66
33.01,"NON_RECYCLABLE ITEMS",610
33.01,"RECYCLABLE ITEMS",114
33.01,"CART REPAIR-GARBAGE",42
33.01,"SW DOCUMENT GARBAGE",32
33.01,"CDOT STREETLIGHT REPAIR",22
33.01,"MISSED RECYCLING",21
33.01,"311 DOCUMENT",19
33.01,"CDOT POTHOLE REPAIR",19
33.01,"CART ISSUE/MISSING CART",17
33.01,"SIGNS (NOT FOR 311 USE)",16
33.02,"NON_RECYCLABLE ITEMS",2853
33.02,"RECYCLABLE ITEMS",542
33.02,"HNS HEALTH AND SANITATION",232
33.02,"SW DOCUMENT GARBAGE",92
33.02,"CART REPAIR-GARBAGE",89
33.02,"CART(S) DEL- NEW BUILD",89
33.02,"CART ONLY DELIVER-GARB",87
33.02,"CART DELIVERY RECYCLING",85
33.02,"MISSED RECYCLING",82
33.02,"CART ISSUE/MISSING CART",64
34.01,"NON_RECYCLABLE ITEMS",1109
34.01,"RECYCLABLE ITEMS",158
34.01,"HNS HEALTH AND SANITATION",132
34.01,"MISSED RECYCLING",73
34.01,"CART DELIVERY RECYCLING",57
34.01,"CART(S) DEL- NEW BUILD",56
34.01,"ZONING/COMPLAINT/ INSPECT",55
34.01,"CART ONLY DELIVER-GARB",55
34.01,"CART ISSUE/MISSING CART",55
34.01,"SW DOCUMENT GARBAGE",54
34.02,"NON_RECYCLABLE ITEMS",4645
34.02,"RECYCLABLE ITEMS",695
34.02,"HNS HEALTH AND SANITATION",273
34.02,"MISSED RECYCLING",245
34.02,"CART REPAIR-GARBAGE",192
34.02,"SW DOCUMENT GARBAGE",187
34.02,"CDOT STREETLIGHT REPAIR",137
34.02,"LANDSCAPE TREES",131
34.02,"311 DOCUMENT",118
34.02,"SW DOCUMENT RECYCLING",109
35,"NON_RECYCLABLE ITEMS",2672
35,"RECYCLABLE ITEMS",403
35,"SW DOCUMENT GARBAGE",189
35,"HNS HEALTH AND SANITATION",189
35,"MISSED RECYCLING",175
35,"LANDSCAPE TREES",110
35,"CART REPAIR-GARBAGE",104
35,"SW DOCUMENT YARD WASTE",84
35,"CDOT SIDEWALK REPAIR",84
35,"SW DOCUMENT RECYCLING",83
36,"NON_RECYCLABLE ITEMS",5694
36,"RECYCLABLE ITEMS",1245
36,"HNS HEALTH AND SANITATION",866
36,"SW DOCUMENT GARBAGE",281
36,"CART ISSUE/MISSING CART",199
36,"311 DOCUMENT",197
36,"CART REPAIR-GARBAGE",162
36,"TIRES",145
36,"MISSED RECYCLING",143
36,"SW DOCUMENT YARD WASTE",121
37.01,"NON_RECYCLABLE ITEMS",608
37.01,"CART ISSUE/MISSING CART",104
37.01,"SW DOCUMENT GARBAGE",77
37.01,"RECYCLABLE ITEMS",64
37.01,"HNS HEALTH AND SANITATION",40
37.01,"MISSED RECYCLING",33
37.01,"311 DOCUMENT",29
37.01,"MISSED GARBAGE",27
37.01,"CART DELIVERY RECYCLING",25
37.01,"GRAFFITI",22
37.02,"NON_RECYCLABLE ITEMS",858
37.02,"RECYCLABLE ITEMS",214
37.02,"HNS HEALTH AND SANITATION",197
37.02,"311 DOCUMENT",54
37.02,"SW DOCUMENT GARBAGE",36
37.02,"ZON GENERAL INFO  INQUIRY",35
37.02,"DEAD ANIMAL COLLECTION",34
37.02,"GRAFFITI",34
37.02,"TIRES",29
37.02,"CDOT STREETLIGHT REPAIR",27
38.02,"NON_RECYCLABLE ITEMS",5765
38.02,"RECYCLABLE ITEMS",1678
38.02,"HNS HEALTH AND SANITATION",926
38.02,"311 DOCUMENT",261
38.02,"SW DOCUMENT GARBAGE",199
38.02,"TIRES",178
38.02,"CART REPAIR-GARBAGE",168
38.02,"SW DOCUMENT RECYCLING",146
38.02,"CDOT CLEAN CATCH BASIN",144
38.02,"ZONING/COMPLAINT/ INSPECT",129
38.05,"NON_RECYCLABLE ITEMS",956
38.05,"RECYCLABLE ITEMS",180
38.05,"HNS HEALTH AND SANITATION",85
38.05,"311 DOCUMENT",72
38.05,"MISSED RECYCLING",43
38.05,"MISSED BULKY ITEM",39
38.05,"SW DOCUMENT GARBAGE",31
38.05,"DEAD ANIMAL COLLECTION",28
38.05,"ZONING/COMPLAINT/ INSPECT",26
38.05,"MISSED GARBAGE",24
38.07,"NON_RECYCLABLE ITEMS",5177
38.07,"RECYCLABLE ITEMS",1294
38.07,"HNS HEALTH AND SANITATION",1106
38.07,"CART REPAIR-GARBAGE",181
38.07,"311 DOCUMENT",176
38.07,"ZONING/COMPLAINT/ INSPECT",139
38.07,"SW DOCUMENT GARBAGE",129
38.07,"HNS HOUSING",113
38.07,"PARKING ON LAWN WORKDAYS",110
38.07,"TIRES",109
38.08,"NON_RECYCLABLE ITEMS",2765
38.08,"HNS HEALTH AND SANITATION",269
38.08,"RECYCLABLE ITEMS",262
38.08,"HNS HOUSING",179
38.08,"SW DOCUMENT GARBAGE",48
38.08,"MISSED BULKY ITEM",46
38.08,"ZONING/COMPLAINT/ INSPECT",45
38.08,"311 DOCUMENT",43
38.08,"CART REPAIR-GARBAGE",41
38.08,"CDOT STREETLIGHT REPAIR",31
38.09,"NON_RECYCLABLE ITEMS",3546
38.09,"RECYCLABLE ITEMS",876
38.09,"HNS HEALTH AND SANITATION",495
38.09,"CART REPAIR-GARBAGE",187
38.09,"CDOT STREETLIGHT REPAIR",161
38.09,"311 DOCUMENT",116
38.09,"SW DOCUMENT GARBAGE",107
38.09,"SW DOCUMENT YARD WASTE",72
38.09,"TIRES",70
38.09,"SW DOCUMENT RECYCLING",57
38.10,"NON_RECYCLABLE ITEMS",4215
38.10,"RECYCLABLE ITEMS",1182
38.10,"HNS HEALTH AND SANITATION",803
38.10,"TIRES",208
38.10,"CART REPAIR-GARBAGE",146
38.10,"SW DOCUMENT GARBAGE",91
38.10,"311 DOCUMENT",91
38.10,"CDOT STREETLIGHT REPAIR",83
38.10,"PARKING ON LAWN WORKDAYS",82
38.10,"PARKING ON LAWN OFFHOURS",72
38.11,"NON_RECYCLABLE ITEMS",3220
38.11,"RECYCLABLE ITEMS",937
38.11,"HNS HEALTH AND SANITATION",494
38.11,"CART REPAIR-GARBAGE",157
38.11,"TIRES",119
38.11,"311 DOCUMENT",93
38.11,"SW DOCUMENT GARBAGE",93
38.11,"CDOT STREETLIGHT REPAIR",66
38.11,"SW DOCUMENT YARD WASTE",55
38.11,"ZONING/COMPLAINT/ INSPECT",50
39.02,"NON_RECYCLABLE ITEMS",8121
39.02,"RECYCLABLE ITEMS",2080
39.02,"HNS HEALTH AND SANITATION",885
39.02,"SW DOCUMENT GARBAGE",292
39.02,"CART REPAIR-GARBAGE",219
39.02,"311 DOCUMENT",207
39.02,"HNS HOUSING",188
39.02,"TIRES",179
39.02,"DEAD ANIMAL COLLECTION",174
39.02,"CART ISSUE/MISSING CART",174
39.03,"NON_RECYCLABLE ITEMS",1565
39.03,"RECYCLABLE ITEMS",397
39.03,"HNS HEALTH AND SANITATION",213
39.03,"HNS HOUSING",101
39.03,"TIRES",75
39.03,"SW DOCUMENT GARBAGE",70
39.03,"311 DOCUMENT",70
39.03,"CART REPAIR-GARBAGE",50
39.03,"ZON GENERAL INFO  INQUIRY",50
39.03,"MISSED BULKY ITEM",47
4.01,"NON_RECYCLABLE ITEMS",363
4.01,"RECYCLABLE ITEMS",59
4.01,"MISSED RECYCLING",29
4.01,"GRAFFITI",28
4.01,"HNS HEALTH AND SANITATION",25
4.01,"CDOT STREETLIGHT REPAIR",24
4.01,"MISSED GARBAGE",22
4.01,"SW DOCUMENT GARBAGE",18
4.01,"COMPLAINT",16
4.01,"CDOT POTHOLE REPAIR",14
4.02,"NON_RECYCLABLE ITEMS",710
4.02,"RECYCLABLE ITEMS",185
4.02,"GRAFFITI",126
4.02,"HNS HEALTH AND SANITATION",88
4.02,"MISSED RECYCLING",65
4.02,"SW DOCUMENT GARBAGE",62
4.02,"MISSED GARBAGE",39
4.02,"ZONING/COMPLAINT/ INSPECT",36
4.02,"311 DOCUMENT",32
4.02,"ZON GENERAL INFO  INQUIRY",28
40,"NON_RECYCLABLE ITEMS",8727
40,"RECYCLABLE ITEMS",2574
40,"HNS HEALTH AND SANITATION",1107
40,"SW DOCUMENT GARBAGE",329
40,"311 DOCUMENT",263
40,"CART REPAIR-GARBAGE",257
40,"TIRES",254
40,"MISSED RECYCLING",240
40,"CART ISSUE/MISSING CART",205
40,"DEAD ANIMAL COLLECTION",173
41.01,"NON_RECYCLABLE ITEMS",2450
41.01,"RECYCLABLE ITEMS",588
41.01,"HNS HEALTH AND SANITATION",450
41.01,"CART ISSUE/MISSING CART",113
41.01,"CART REPAIR-GARBAGE",83
41.01,"HNS HOUSING",77
41.01,"DEAD ANIMAL COLLECTION",74
41.01,"311 DOCUMENT",72
41.01,"ZONING/COMPLAINT/ INSPECT",66
41.01,"TIRES",65
41.02,"NON_RECYCLABLE ITEMS",2351
41.02,"RECYCLABLE ITEMS",507
41.02,"HNS HEALTH AND SANITATION",505
41.02,"SW DOCUMENT GARBAGE",197
41.02,"MISSED RECYCLING",127
41.02,"CART REPAIR-GARBAGE",125
41.02,"SW DOCUMENT RECYCLING",112
41.02,"CART ISSUE/MISSING CART",96
41.02,"311 DOCUMENT",76
41.02,"DEAD ANIMAL COLLECTION",63
42,"NON_RECYCLABLE ITEMS",7878
42,"RECYCLABLE ITEMS",1950
42,"HNS HEALTH AND SANITATION",1117
42,"SW DOCUMENT GARBAGE",282
42,"CART ISSUE/MISSING CART",252
42,"CART REPAIR-GARBAGE",229
42,"TIRES",200
42,"HNS HOUSING",194
42,"311 DOCUMENT",193
42,"DEAD ANIMAL COLLECTION",124
43.02,"NON_RECYCLABLE ITEMS",9830
43.02,"RECYCLABLE ITEMS",2680
43.02,"HNS HEALTH AND SANITATION",900
43.02,"CART REPAIR-GARBAGE",336
43.02,"SW DOCUMENT GARBAGE",328
43.02,"TIRES",287
43.02,"CART ISSUE/MISSING CART",259
43.02,"HNS HOUSING",251
43.02,"311 DOCUMENT",238
43.02,"SW DOCUMENT RECYCLING",174
43.03,"NON_RECYCLABLE ITEMS",4128
43.03,"RECYCLABLE ITEMS",1242
43.03,"HNS HEALTH AND SANITATION",542
43.03,"CART REPAIR-GARBAGE",208
43.03,"CDOT STREETLIGHT REPAIR",124
43.03,"311 DOCUMENT",123
43.03,"SW DOCUMENT GARBAGE",118
43.03,"TIRES",117
43.03,"CART ISSUE/MISSING CART",86
43.03,"CART DELIVERY RECYCLING",77
43.04,"NON_RECYCLABLE ITEMS",6159
43.04,"RECYCLABLE ITEMS",1843
43.04,"HNS HEALTH AND SANITATION",897
43.04,"CART REPAIR-GARBAGE",275
43.04,"SW DOCUMENT GARBAGE",268
43.04,"TIRES",162
43.04,"311 DOCUMENT",150
43.04,"HNS HOUSING",148
43.04,"CART ISSUE/MISSING CART",140
43.04,"PARKING ON LAWN WORKDAYS",118
43.06,"NON_RECYCLABLE ITEMS",2321
43.06,"RECYCLABLE ITEMS",525
43.06,"HNS HOUSING",278
43.06,"HNS HEALTH AND SANITATION",202
43.06,"CART REPAIR-GARBAGE",76
43.06,"SW DOCUMENT GARBAGE",61
43.06,"CART ISSUE/MISSING CART",60
43.06,"311 DOCUMENT",47
43.06,"CDOT STREETLIGHT REPAIR",35
43.06,"TIRES",34
43.07,"NON_RECYCLABLE ITEMS",5124
43.07,"RECYCLABLE ITEMS",1508
43.07,"HNS HEALTH AND SANITATION",561
43.07,"CART REPAIR-GARBAGE",240
43.07,"SW DOCUMENT GARBAGE",170
43.07,"311 DOCUMENT",125
43.07,"TIRES",122
43.07,"CART ISSUE/MISSING CART",119
43.07,"SW DOCUMENT YARD WASTE",116
43.07,"CDOT STREETLIGHT REPAIR",101
44,"NON_RECYCLABLE ITEMS",5916
44,"RECYCLABLE ITEMS",1825
44,"HNS HEALTH AND SANITATION",871
44,"CART REPAIR-GARBAGE",285
44,"SW DOCUMENT GARBAGE",283
44,"311 DOCUMENT",240
44,"TIRES",183
44,"CART ISSUE/MISSING CART",141
44,"SW DOCUMENT YARD WASTE",124
44,"CDOT STREETLIGHT REPAIR",114
45,"NON_RECYCLABLE ITEMS",5840
45,"RECYCLABLE ITEMS",1637
45,"HNS HEALTH AND SANITATION",1424
45,"SW DOCUMENT GARBAGE",310
45,"CART REPAIR-GARBAGE",250
45,"CART ISSUE/MISSING CART",227
45,"MISSED RECYCLING",185
45,"311 DOCUMENT",181
45,"SW DOCUMENT RECYCLING",173
45,"TIRES",149
46,"NON_RECYCLABLE ITEMS",6834
46,"RECYCLABLE ITEMS",1994
46,"HNS HEALTH AND SANITATION",1264
46,"311 DOCUMENT",281
46,"SW DOCUMENT GARBAGE",250
46,"CART REPAIR-GARBAGE",247
46,"CART ISSUE/MISSING CART",185
46,"HNS HOUSING",156
46,"MISSED RECYCLING",141
46,"TIRES",139
47,"NON_RECYCLABLE ITEMS",2199
47,"HNS HEALTH AND SANITATION",604
47,"RECYCLABLE ITEMS",487
47,"SW DOCUMENT GARBAGE",157
47,"SW DOCUMENT RECYCLING",100
47,"CART ISSUE/MISSING CART",95
47,"MISSED RECYCLING",93
47,"CART REPAIR-GARBAGE",76
47,"311 DOCUMENT",58
47,"HNS HOUSING",56
48,"NON_RECYCLABLE ITEMS",8284
48,"RECYCLABLE ITEMS",2436
48,"HNS HEALTH AND SANITATION",1230
48,"SW DOCUMENT GARBAGE",423
48,"CART REPAIR-GARBAGE",313
48,"311 DOCUMENT",308
48,"SW DOCUMENT RECYCLING",294
48,"MISSED RECYCLING",291
48,"CART ISSUE/MISSING CART",261
48,"HNS HOUSING",209
49,"NON_RECYCLABLE ITEMS",1531
49,"RECYCLABLE ITEMS",430
49,"HNS HEALTH AND SANITATION",279
49,"CART REPAIR-GARBAGE",71
49,"SW DOCUMENT GARBAGE",64
49,"311 DOCUMENT",49
49,"SW DOCUMENT YARD WASTE",42
49,"CDOT STREETLIGHT REPAIR",38
49,"TIRES",28
49,"SW DOCUMENT RECYCLING",27
5.01,"NON_RECYCLABLE ITEMS",923
5.01,"RECYCLABLE ITEMS",202
5.01,"HNS HEALTH AND SANITATION",164
5.01,"GRAFFITI",138
5.01,"CART DELIVERY RECYCLING",58
5.01,"CART ONLY DELIVER-GARB",57
5.01,"CART(S) DEL- NEW BUILD",57
5.01,"SW DOCUMENT RECYCLING",42
5.01,"INVALID/NEW SW ADDRESS",37
5.01,"CART ISSUE/MISSING CART",35
5.02,"NON_RECYCLABLE ITEMS",507
5.02,"GRAFFITI",143
5.02,"RECYCLABLE ITEMS",88
5.02,"HNS HEALTH AND SANITATION",63
5.02,"HNS HOUSING",31
5.02,"MISSED BULKY ITEM",26
5.02,"SIGNS (NOT FOR 311 USE)",24
5.02,"MISSED RECYCLING",19
5.02,"MISSED GARBAGE",15
5.02,"SW DOCUMENT GARBAGE",13
5.03,"NON_RECYCLABLE ITEMS",1010
5.03,"RECYCLABLE ITEMS",180
5.03,"HNS HEALTH AND SANITATION",121
5.03,"GRAFFITI",99
5.03,"MISSED RECYCLING",89
5.03,"311 DOCUMENT",30
5.03,"CART ISSUE/MISSING CART",29
5.03,"HNS HOUSING",29
5.03,"CDOT SIDEWALK REPAIR",28
5.03,"SW DOCUMENT GARBAGE",28
50,"NON_RECYCLABLE ITEMS",1965
50,"RECYCLABLE ITEMS",550
50,"HNS HEALTH AND SANITATION",286
50,"MISSED RECYCLING",72
50,"CART REPAIR-GARBAGE",66
50,"311 DOCUMENT",60
50,"CDOT STREETLIGHT REPAIR",52
50,"SW DOCUMENT GARBAGE",52
50,"SW DOCUMENT RECYCLING",39
50,"CART ISSUE/MISSING CART",33
51,"NON_RECYCLABLE ITEMS",5087
51,"RECYCLABLE ITEMS",1338
51,"HNS HEALTH AND SANITATION",837
51,"SW DOCUMENT GARBAGE",304
51,"CART ISSUE/MISSING CART",292
51,"CART REPAIR-GARBAGE",205
51,"HNS HOUSING",203
51,"311 DOCUMENT",179
51,"DEAD ANIMAL COLLECTION",130
51,"MISSED RECYCLING",124
52,"NON_RECYCLABLE ITEMS",2853
52,"RECYCLABLE ITEMS",639
52,"HNS HEALTH AND SANITATION",615
52,"311 DOCUMENT",183
52,"SW DOCUMENT GARBAGE",110
52,"CART ISSUE/MISSING CART",103
52,"CART REPAIR-GARBAGE",86
52,"DEAD ANIMAL COLLECTION",82
52,"ZON GENERAL INFO  INQUIRY",77
52,"TIRES",76
53.01,"NON_RECYCLABLE ITEMS",3377
53.01,"RECYCLABLE ITEMS",838
53.01,"HNS HEALTH AND SANITATION",716
53.01,"311 DOCUMENT",143
53.01,"SW DOCUMENT GARBAGE",134
53.01,"CART REPAIR-GARBAGE",110
53.01,"ZONING/COMPLAINT/ INSPECT",91
53.01,"CART ISSUE/MISSING CART",88
53.01,"MISSED RECYCLING",82
53.01,"SW DOCUMENT RECYCLING",77
53.05,"NON_RECYCLABLE ITEMS",7050
53.05,"RECYCLABLE ITEMS",2164
53.05,"HNS HEALTH AND SANITATION",1124
53.05,"PARKING ON LAWN WORKDAYS",335
53.05,"SW DOCUMENT GARBAGE",283
53.05,"311 DOCUMENT",252
53.05,"CART REPAIR-GARBAGE",240
53.05,"CDOT STREETLIGHT REPAIR",227
53.05,"TIRES",225
53.05,"SW DOCUMENT YARD WASTE",155
53.06,"NON_RECYCLABLE ITEMS",3469
53.06,"RECYCLABLE ITEMS",909
53.06,"HNS HEALTH AND SANITATION",554
53.06,"MISSED RECYCLING",170
53.06,"SW DOCUMENT GARBAGE",170
53.06,"TIRES",136
53.06,"CART REPAIR-GARBAGE",130
53.06,"311 DOCUMENT",112
53.06,"CART ISSUE/MISSING CART",112
53.06,"ZON GENERAL INFO  INQUIRY",94
53.07,"NON_RECYCLABLE ITEMS",2877
53.07,"RECYCLABLE ITEMS",732
53.07,"HNS HEALTH AND SANITATION",316
53.07,"HNS HOUSING",132
53.07,"CART REPAIR-GARBAGE",72
53.07,"SW DOCUMENT GARBAGE",72
53.07,"311 DOCUMENT",67
53.07,"PARKING ON LAWN WORKDAYS",56
53.07,"CART ISSUE/MISSING CART",50
53.07,"ZONING/COMPLAINT/ INSPECT",34
53.08,"NON_RECYCLABLE ITEMS",592
53.08,"RECYCLABLE ITEMS",160
53.08,"HNS HOUSING",103
53.08,"HNS HEALTH AND SANITATION",60
53.08,"311 DOCUMENT",40
53.08,"MISSED BULKY ITEM",26
53.08,"CART REPAIR-GARBAGE",26
53.08,"SW DOCUMENT GARBAGE",23
53.08,"MISSED RECYCLING",20
53.08,"CDOT ROAD QUALITY",18
54.03,"NON_RECYCLABLE ITEMS",7885
54.03,"RECYCLABLE ITEMS",2174
54.03,"HNS HEALTH AND SANITATION",768
54.03,"SW DOCUMENT GARBAGE",346
54.03,"CART REPAIR-GARBAGE",343
54.03,"CART(S) DEL- NEW BUILD",241
54.03,"CART ONLY DELIVER-GARB",240
54.03,"CART DELIVERY RECYCLING",238
54.03,"311 DOCUMENT",204
54.03,"TIRES",188
54.04,"NON_RECYCLABLE ITEMS",9384
54.04,"RECYCLABLE ITEMS",2685
54.04,"HNS HEALTH AND SANITATION",1338
54.04,"CART REPAIR-GARBAGE",458
54.04,"SW DOCUMENT GARBAGE",316
54.04,"311 DOCUMENT",305
54.04,"TIRES",250
54.04,"MISSED RECYCLING",196
54.04,"CDOT STREETLIGHT REPAIR",177
54.04,"CART ISSUE/MISSING CART",163
54.05,"NON_RECYCLABLE ITEMS",4326
54.05,"RECYCLABLE ITEMS",1355
54.05,"HNS HEALTH AND SANITATION",567
54.05,"CART REPAIR-GARBAGE",236
54.05,"MISSED RECYCLING",157
54.05,"311 DOCUMENT",145
54.05,"SW DOCUMENT GARBAGE",125
54.05,"TIRES",112
54.05,"CDOT STREETLIGHT REPAIR",102
54.05,"CART ISSUE/MISSING CART",98
54.06,"NON_RECYCLABLE ITEMS",5808
54.06,"RECYCLABLE ITEMS",1886
54.06,"HNS HEALTH AND SANITATION",956
54.06,"SW DOCUMENT GARBAGE",401
54.06,"CART REPAIR-GARBAGE",360
54.06,"MISSED RECYCLING",285
54.06,"SW DOCUMENT RECYCLING",269
54.06,"311 DOCUMENT",258
54.06,"CDOT STREETLIGHT REPAIR",196
54.06,"SW DOCUMENT YARD WASTE",139
55.08,"NON_RECYCLABLE ITEMS",4931
55.08,"RECYCLABLE ITEMS",1247
55.08,"HNS HEALTH AND SANITATION",539
55.08,"CART REPAIR-GARBAGE",287
55.08,"MISSED RECYCLING",166
55.08,"SW DOCUMENT GARBAGE",161
55.08,"SIGNS (NOT FOR 311 USE)",145
55.08,"CDOT STREETLIGHT REPAIR",134
55.08,"311 DOCUMENT",130
55.08,"SW DOCUMENT YARD WASTE",79
55.10,"NON_RECYCLABLE ITEMS",8299
55.10,"RECYCLABLE ITEMS",2557
55.10,"HNS HEALTH AND SANITATION",891
55.10,"CART REPAIR-GARBAGE",341
55.10,"SW DOCUMENT GARBAGE",332
55.10,"CART DELIVERY RECYCLING",308
55.10,"CART(S) DEL- NEW BUILD",307
55.10,"CART ONLY DELIVER-GARB",305
55.10,"MISSED RECYCLING",232
55.10,"CART ISSUE/MISSING CART",211
55.11,"NON_RECYCLABLE ITEMS",1396
55.11,"SIGNS (NOT FOR 311 USE)",593
55.11,"RECYCLABLE ITEMS",323
55.11,"HNS HEALTH AND SANITATION",107
55.11,"311 DOCUMENT",52
55.11,"CART REPAIR-GARBAGE",45
55.11,"SW DOCUMENT GARBAGE",39
55.11,"MISSED RECYCLING",32
55.11,"DEAD ANIMAL COLLECTION",30
55.11,"HNS HOUSING",28
55.12,"NON_RECYCLABLE ITEMS",6981
55.12,"RECYCLABLE ITEMS",2073
55.12,"HNS HEALTH AND SANITATION",786
55.12,"CART REPAIR-GARBAGE",352
55.12,"MISSED RECYCLING",223
55.12,"SW DOCUMENT GARBAGE",222
55.12,"CDOT STREETLIGHT REPAIR",220
55.12,"311 DOCUMENT",211
55.12,"SW DOCUMENT RECYCLING",159
55.12,"ZONING/COMPLAINT/ INSPECT",150
55.13,"NON_RECYCLABLE ITEMS",5862
55.13,"RECYCLABLE ITEMS",1559
55.13,"HNS HEALTH AND SANITATION",541
55.13,"CART REPAIR-GARBAGE",340
55.13,"SW DOCUMENT GARBAGE",254
55.13,"CDOT STREETLIGHT REPAIR",190
55.13,"CART REPAIR-RECYCLE",156
55.13,"311 DOCUMENT",148
55.13,"SW DOCUMENT RECYCLING",130
55.13,"MISSED RECYCLING",114
55.15,"NON_RECYCLABLE ITEMS",2317
55.15,"RECYCLABLE ITEMS",599
55.15,"CART REPAIR-GARBAGE",161
55.15,"SW DOCUMENT GARBAGE",98
55.15,"MISSED RECYCLING",80
55.15,"CART ISSUE/MISSING CART",69
55.15,"HNS HEALTH AND SANITATION",66
55.15,"311 DOCUMENT",64
55.15,"MISSED GARBAGE",52
55.15,"SW DOCUMENT RECYCLING",52
55.16,"NON_RECYCLABLE ITEMS",2025
55.16,"RECYCLABLE ITEMS",452
55.16,"CART REPAIR-GARBAGE",101
55.16,"CART REPAIR-RECYCLE",42
55.16,"SW DOCUMENT GARBAGE",36
55.16,"MISSED RECYCLING",35
55.16,"HNS HEALTH AND SANITATION",33
55.16,"CART ISSUE/MISSING CART",32
55.16,"311 DOCUMENT",29
55.16,"SW DOCUMENT YARD WASTE",28
55.17,"NON_RECYCLABLE ITEMS",4397
55.17,"RECYCLABLE ITEMS",1047
55.17,"CART REPAIR-GARBAGE",275
55.17,"MISSED RECYCLING",158
55.17,"HNS HEALTH AND SANITATION",141
55.17,"311 DOCUMENT",115
55.17,"SW DOCUMENT GARBAGE",106
55.17,"SW DOCUMENT RECYCLING",101
55.17,"SW DOCUMENT YARD WASTE",85
55.17,"CART REPAIR-RECYCLE",81
55.19,"NON_RECYCLABLE ITEMS",5091
55.19,"RECYCLABLE ITEMS",1289
55.19,"CART REPAIR-GARBAGE",291
55.19,"HNS HEALTH AND SANITATION",219
55.19,"SW DOCUMENT GARBAGE",163
55.19,"CART REPAIR-RECYCLE",122
55.19,"MISSED RECYCLING",105
55.19,"311 DOCUMENT",100
55.19,"SW DOCUMENT RECYCLING",72
55.19,"CART ISSUE/MISSING CART",70
55.20,"NON_RECYCLABLE ITEMS",5303
55.20,"RECYCLABLE ITEMS",1563
55.20,"CART REPAIR-GARBAGE",500
55.20,"HNS HEALTH AND SANITATION",371
55.20,"CDOT STREETLIGHT REPAIR",180
55.20,"SW DOCUMENT GARBAGE",152
55.20,"MISSED RECYCLING",150
55.20,"CART REPAIR-RECYCLE",138
55.20,"311 DOCUMENT",137
55.20,"SW DOCUMENT RECYCLING",125
55.22,"NON_RECYCLABLE ITEMS",3963
55.22,"RECYCLABLE ITEMS",1049
55.22,"HNS HEALTH AND SANITATION",381
55.22,"CART REPAIR-GARBAGE",204
55.22,"SW DOCUMENT GARBAGE",117
55.22,"CART REPAIR-RECYCLE",112
55.22,"SIGNS (NOT FOR 311 USE)",101
55.22,"MISSED RECYCLING",92
55.22,"TIRES",91
55.22,"SW DOCUMENT RECYCLING",91
55.25,"NON_RECYCLABLE ITEMS",4123
55.25,"RECYCLABLE ITEMS",1156
55.25,"HNS HEALTH AND SANITATION",366
55.25,"CART REPAIR-GARBAGE",292
55.25,"SW DOCUMENT GARBAGE",128
55.25,"311 DOCUMENT",108
55.25,"CART REPAIR-RECYCLE",105
55.25,"TIRES",89
55.25,"SW DOCUMENT RECYCLING",72
55.25,"SW DOCUMENT YARD WASTE",64
55.26,"NON_RECYCLABLE ITEMS",2169
55.26,"RECYCLABLE ITEMS",589
55.26,"CART(S) DEL- NEW BUILD",375
55.26,"CART ONLY DELIVER-GARB",373
55.26,"CART DELIVERY RECYCLING",372
55.26,"CART REPAIR-GARBAGE",194
55.26,"SW DOCUMENT GARBAGE",150
55.26,"HNS HEALTH AND SANITATION",110
55.26,"MISSED RECYCLING",90
55.26,"SW DOCUMENT YARD WASTE",70
55.27,"NON_RECYCLABLE ITEMS",3461
55.27,"RECYCLABLE ITEMS",834
55.27,"HNS HEALTH AND SANITATION",199
55.27,"MISSED RECYCLING",110
55.27,"CDOT STREETLIGHT REPAIR",101
55.27,"CART REPAIR-GARBAGE",94
55.27,"311 DOCUMENT",82
55.27,"CART REPAIR-RECYCLE",80
55.27,"SW DOCUMENT GARBAGE",74
55.27,"SW DOCUMENT RECYCLING",69
55.28,"NON_RECYCLABLE ITEMS",3570
55.28,"RECYCLABLE ITEMS",862
55.28,"HNS HEALTH AND SANITATION",231
55.28,"SIGNS (NOT FOR 311 USE)",181
55.28,"CART REPAIR-GARBAGE",149
55.28,"SW DOCUMENT GARBAGE",133
55.28,"MISSED RECYCLING",130
55.28,"ZONING/COMPLAINT/ INSPECT",98
55.28,"CDOT STREETLIGHT REPAIR",95
55.28,"SW DOCUMENT RECYCLING",94
55.29,"NON_RECYCLABLE ITEMS",1762
55.29,"RECYCLABLE ITEMS",472
55.29,"CART REPAIR-GARBAGE",139
55.29,"SW DOCUMENT GARBAGE",113
55.29,"HNS HEALTH AND SANITATION",110
55.29,"CART DELIVERY RECYCLING",64
55.29,"CART ONLY DELIVER-GARB",62
55.29,"CART(S) DEL- NEW BUILD",62
55.29,"MISSED RECYCLING",59
55.29,"SW DOCUMENT RECYCLING",50
55.30,"NON_RECYCLABLE ITEMS",3450
55.30,"RECYCLABLE ITEMS",932
55.30,"HNS HEALTH AND SANITATION",399
55.30,"CART REPAIR-GARBAGE",190
55.30,"CART REPAIR-RECYCLE",142
55.30,"311 DOCUMENT",109
55.30,"MISSED RECYCLING",101
55.30,"SW DOCUMENT GARBAGE",95
55.30,"CDOT STREETLIGHT REPAIR",87
55.30,"SW DOCUMENT RECYCLING",86
55.31,"NON_RECYCLABLE ITEMS",3359
55.31,"RECYCLABLE ITEMS",947
55.31,"CART REPAIR-GARBAGE",216
55.31,"HNS HEALTH AND SANITATION",193
55.31,"SW DOCUMENT GARBAGE",138
55.31,"MISSED RECYCLING",114
55.31,"SW DOCUMENT RECYCLING",98
55.31,"311 DOCUMENT",92
55.31,"CDOT STREETLIGHT REPAIR",75
55.31,"TIRES",63
55.32,"NON_RECYCLABLE ITEMS",664
55.32,"RECYCLABLE ITEMS",103
55.32,"HNS HEALTH AND SANITATION",55
55.32,"MISSED RECYCLING",29
55.32,"MISSED BULKY ITEM",28
55.32,"SW DOCUMENT RECYCLING",27
55.32,"SW DOCUMENT GARBAGE",24
55.32,"HNS HOUSING",23
55.32,"311 DOCUMENT",21
55.32,"CDOT STREETLIGHT REPAIR",13
55.33,"NON_RECYCLABLE ITEMS",262
55.33,"SIGNS (NOT FOR 311 USE)",182
55.33,"CONTENT IMPROVEMENT PROG",89
55.33,"311 DOCUMENT",63
55.33,"RECYCLABLE ITEMS",42
55.33,"ZON GENERAL INFO  INQUIRY",31
55.33,"HNS HEALTH AND SANITATION",30
55.33,"MISSED RECYCLING",21
55.33,"DEAD ANIMAL COLLECTION",19
55.33,"ANIMAL FOUND REPORT",17
55.34,"NON_RECYCLABLE ITEMS",1353
55.34,"RECYCLABLE ITEMS",140
55.34,"SIGNS (NOT FOR 311 USE)",84
55.34,"HNS HEALTH AND SANITATION",58
55.34,"HNS HOUSING",49
55.34,"MISSED BULKY ITEM",45
55.34,"ZON GENERAL INFO  INQUIRY",39
55.34,"ZONING/COMPLAINT/ INSPECT",21
55.34,"311 DOCUMENT",20
55.34,"CDOT POTHOLE REPAIR",19
55.35,"NON_RECYCLABLE ITEMS",3387
55.35,"RECYCLABLE ITEMS",922
55.35,"HNS HEALTH AND SANITATION",359
55.35,"CART REPAIR-GARBAGE",157
55.35,"311 DOCUMENT",98
55.35,"SW DOCUMENT GARBAGE",88
55.35,"SW DOCUMENT RECYCLING",75
55.35,"MISSED RECYCLING",71
55.35,"TIRES",59
55.35,"CART ISSUE/MISSING CART",51
55.36,"NON_RECYCLABLE ITEMS",5383
55.36,"RECYCLABLE ITEMS",1658
55.36,"HNS HEALTH AND SANITATION",649
55.36,"CART REPAIR-GARBAGE",201
55.36,"SW DOCUMENT GARBAGE",199
55.36,"311 DOCUMENT",155
55.36,"TIRES",136
55.36,"CDOT STREETLIGHT REPAIR",134
55.36,"SIGNS (NOT FOR 311 USE)",133
55.36,"MISSED RECYCLING",126
56.04,"NON_RECYCLABLE ITEMS",1294
56.04,"HNS HEALTH AND SANITATION",252
56.04,"RECYCLABLE ITEMS",223
56.04,"MISSED RECYCLING",46
56.04,"311 DOCUMENT",41
56.04,"ZON GENERAL INFO  INQUIRY",40
56.04,"CDOT STREETLIGHT REPAIR",34
56.04,"ZONING/COMPLAINT/ INSPECT",32
56.04,"SW DOCUMENT RECYCLING",31
56.04,"SW DOCUMENT GARBAGE",29
56.09,"NON_RECYCLABLE ITEMS",1284
56.09,"RECYCLABLE ITEMS",237
56.09,"HNS HOUSING",41
56.09,"HNS HEALTH AND SANITATION",39
56.09,"CART REPAIR-GARBAGE",28
56.09,"CART ISSUE/MISSING CART",26
56.09,"311 DOCUMENT",24
56.09,"MISSED RECYCLING",21
56.09,"SW DOCUMENT GARBAGE",19
56.09,"MISSED GARBAGE",18
56.10,"NON_RECYCLABLE ITEMS",3763
56.10,"RECYCLABLE ITEMS",1026
56.10,"HNS HEALTH AND SANITATION",407
56.10,"CART REPAIR-GARBAGE",174
56.10,"CDOT STREETLIGHT REPAIR",107
56.10,"SW DOCUMENT GARBAGE",81
56.10,"311 DOCUMENT",80
56.10,"MISSED RECYCLING",71
56.10,"TIRES",66
56.10,"PARKING ON LAWN WORKDAYS",59
56.11,"NON_RECYCLABLE ITEMS",3514
56.11,"RECYCLABLE ITEMS",1032
56.11,"HNS HEALTH AND SANITATION",245
56.11,"CART REPAIR-GARBAGE",204
56.11,"SW DOCUMENT GARBAGE",124
56.11,"SW DOCUMENT RECYCLING",101
56.11,"CART REPAIR-RECYCLE",98
56.11,"311 DOCUMENT",98
56.11,"TIRES",82
56.11,"CDOT STREETLIGHT REPAIR",78
56.12,"NON_RECYCLABLE ITEMS",6290
56.12,"RECYCLABLE ITEMS",1913
56.12,"HNS HEALTH AND SANITATION",771
56.12,"CART REPAIR-GARBAGE",417
56.12,"MISSED RECYCLING",209
56.12,"SW DOCUMENT GARBAGE",184
56.12,"311 DOCUMENT",171
56.12,"TIRES",114
56.12,"CART ISSUE/MISSING CART",108
56.12,"CDOT STREETLIGHT REPAIR",107
56.13,"NON_RECYCLABLE ITEMS",2184
56.13,"RECYCLABLE ITEMS",553
56.13,"HNS HEALTH AND SANITATION",154
56.13,"CART DELIVERY RECYCLING",139
56.13,"CART(S) DEL- NEW BUILD",138
56.13,"CART ONLY DELIVER-GARB",137
56.13,"MISSED RECYCLING",109
56.13,"CART REPAIR-GARBAGE",95
56.13,"311 DOCUMENT",76
56.13,"CDOT STREETLIGHT REPAIR",65
56.15,"NON_RECYCLABLE ITEMS",1539
56.15,"RECYCLABLE ITEMS",422
56.15,"HNS HEALTH AND SANITATION",177
56.15,"CART ONLY DELIVER-GARB",135
56.15,"CART DELIVERY RECYCLING",135
56.15,"CART(S) DEL- NEW BUILD",134
56.15,"SW DOCUMENT GARBAGE",109
56.15,"CART REPAIR-GARBAGE",103
56.15,"SIDEWALK OBSTRUCT OTHER",78
56.15,"MISSED RECYCLING",77
56.16,"NON_RECYCLABLE ITEMS",351
56.16,"HNS HEALTH AND SANITATION",43
56.16,"RECYCLABLE ITEMS",37
56.16,"311 DOCUMENT",34
56.16,"MISSED RECYCLING",29
56.16,"DEAD ANIMAL COLLECTION",18
56.16,"COMPLAINT",13
56.16,"MISSED GARBAGE",12
56.16,"ZON GENERAL INFO  INQUIRY",9
56.16,"SW DOCUMENT RECYCLING",9
56.17,"NON_RECYCLABLE ITEMS",2463
56.17,"CART(S) DEL- NEW BUILD",776
56.17,"CART ONLY DELIVER-GARB",774
56.17,"CART DELIVERY RECYCLING",770
56.17,"RECYCLABLE ITEMS",717
56.17,"HNS HEALTH AND SANITATION",642
56.17,"MISSED RECYCLING",262
56.17,"CART REPAIR-GARBAGE",167
56.17,"311 DOCUMENT",137
56.17,"SW DOCUMENT RECYCLING",123
56.18,"NON_RECYCLABLE ITEMS",3173
56.18,"RECYCLABLE ITEMS",958
56.18,"CART REPAIR-GARBAGE",369
56.18,"HNS HEALTH AND SANITATION",209
56.18,"MISSED RECYCLING",115
56.18,"311 DOCUMENT",108
56.18,"SW DOCUMENT GARBAGE",108
56.18,"CART ONLY DELIVER-GARB",95
56.18,"CART(S) DEL- NEW BUILD",95
56.18,"CART DELIVERY RECYCLING",94
56.19,"NON_RECYCLABLE ITEMS",4612
56.19,"RECYCLABLE ITEMS",1381
56.19,"HNS HEALTH AND SANITATION",500
56.19,"CART(S) DEL- NEW BUILD",395
56.19,"CART ONLY DELIVER-GARB",391
56.19,"CART DELIVERY RECYCLING",387
56.19,"CART REPAIR-GARBAGE",370
56.19,"MISSED RECYCLING",182
56.19,"SW DOCUMENT GARBAGE",159
56.19,"311 DOCUMENT",132
56.21,"CART(S) DEL- NEW BUILD",608
56.21,"CART ONLY DELIVER-GARB",554
56.21,"CART DELIVERY RECYCLING",544
56.21,"NON_RECYCLABLE ITEMS",152
56.21,"311 DOCUMENT",147
56.21,"INVALID/NEW SW ADDRESS",85
56.21,"MISSED RECYCLING",47
56.21,"EROSION",33
56.21,"ZON GENERAL INFO  INQUIRY",32
56.21,"HNS HEALTH AND SANITATION",27
56.22,"NON_RECYCLABLE ITEMS",1787
56.22,"RECYCLABLE ITEMS",336
56.22,"HNS HEALTH AND SANITATION",187
56.22,"311 DOCUMENT",55
56.22,"CDOT STREETLIGHT REPAIR",49
56.22,"HNS HOUSING",48
56.22,"CART REPAIR-GARBAGE",38
56.22,"CART ISSUE/MISSING CART",38
56.22,"PARKING ON LAWN WORKDAYS",35
56.22,"MISSED BULKY ITEM",26
56.23,"NON_RECYCLABLE ITEMS",2521
56.23,"RECYCLABLE ITEMS",610
56.23,"HNS HEALTH AND SANITATION",263
56.23,"CART REPAIR-GARBAGE",111
56.23,"MISSED RECYCLING",90
56.23,"CDOT STREETLIGHT REPAIR",79
56.23,"311 DOCUMENT",61
56.23,"SW DOCUMENT GARBAGE",55
56.23,"HNS HOUSING",53
56.23,"TIRES",41
56.24,"NON_RECYCLABLE ITEMS",1426
56.24,"RECYCLABLE ITEMS",449
56.24,"CART(S) DEL- NEW BUILD",118
56.24,"CART ONLY DELIVER-GARB",115
56.24,"CART DELIVERY RECYCLING",115
56.24,"CART REPAIR-GARBAGE",83
56.24,"HNS HEALTH AND SANITATION",72
56.24,"311 DOCUMENT",62
56.24,"SW DOCUMENT GARBAGE",49
56.24,"MISSED RECYCLING",39
56.25,"NON_RECYCLABLE ITEMS",5642
56.25,"RECYCLABLE ITEMS",1707
56.25,"HNS HEALTH AND SANITATION",639
56.25,"CART REPAIR-GARBAGE",424
56.25,"SW DOCUMENT GARBAGE",192
56.25,"311 DOCUMENT",137
56.25,"CDOT STREETLIGHT REPAIR",135
56.25,"MISSED RECYCLING",133
56.25,"SW DOCUMENT RECYCLING",106
56.25,"CART PURCHASE 2ND-GARBAGE",98
56.26,"NON_RECYCLABLE ITEMS",2931
56.26,"RECYCLABLE ITEMS",881
56.26,"MISSED RECYCLING",378
56.26,"HNS HEALTH AND SANITATION",318
56.26,"CART ONLY DELIVER-GARB",309
56.26,"CART(S) DEL- NEW BUILD",309
56.26,"CART DELIVERY RECYCLING",307
56.26,"SW DOCUMENT GARBAGE",231
56.26,"CART REPAIR-GARBAGE",190
56.26,"SW DOCUMENT RECYCLING",186
56.27,"NON_RECYCLABLE ITEMS",7690
56.27,"RECYCLABLE ITEMS",2247
56.27,"HNS HEALTH AND SANITATION",519
56.27,"CART(S) DEL- NEW BUILD",455
56.27,"CART ONLY DELIVER-GARB",449
56.27,"CART DELIVERY RECYCLING",449
56.27,"CART REPAIR-GARBAGE",435
56.27,"MISSED RECYCLING",287
56.27,"311 DOCUMENT",250
56.27,"SW DOCUMENT GARBAGE",232
57.09,"311 DOCUMENT",90
57.09,"EROSION",24
57.09,"COMPLAINT",17
57.09,"FLOODING",16
57.09,"CWP REQUEST",14
57.09,"BLOCKAGE",13
57.09,"3-1-1 ESCALATION REQUEST",7
57.09,"STW GENERAL INQUIRY",5
57.09,"UTILITY VERIFICATION LTR",5
57.09,"TAX BILL INQUIRY",4
57.10,"NON_RECYCLABLE ITEMS",1053
57.10,"RECYCLABLE ITEMS",296
57.10,"HNS HEALTH AND SANITATION",116
57.10,"311 DOCUMENT",102
57.10,"SW DOCUMENT GARBAGE",59
57.10,"CART REPAIR-GARBAGE",59
57.10,"MISSED RECYCLING",50
57.10,"SW DOCUMENT RECYCLING",49
57.10,"CART DELIVERY RECYCLING",38
57.10,"CART(S) DEL- NEW BUILD",35
57.12,"311 DOCUMENT",61
57.12,"EROSION",27
57.12,"BLOCKAGE",26
57.12,"COMPLAINT",21
57.12,"CWP REQUEST",15
57.12,"3-1-1 ESCALATION REQUEST",11
57.12,"FLOODING",10
57.12,"STW GENERAL INQUIRY",7
57.12,"UTILITY VERIFICATION LTR",5
57.12,"CITIZEN FEEDBACK",4
57.13,"311 DOCUMENT",80
57.13,"EROSION",15
57.13,"BLOCKAGE",12
57.13,"FLOODING",11
57.13,"COMPLAINT",10
57.13,"CWP REQUEST",9
57.13,"3-1-1 ESCALATION REQUEST",9
57.13,"ZON GENERAL INFO  INQUIRY",6
57.13,"CITIZEN FEEDBACK",6
57.13,"STW GENERAL INQUIRY",5
57.14,"311 DOCUMENT",114
57.14,"FLOODING",22
57.14,"COMPLAINT",21
57.14,"EROSION",21
57.14,"BLOCKAGE",18
57.14,"STW GENERAL INQUIRY",13
57.14,"CWP REQUEST",10
57.14,"ANIMAL FOUND REPORT",10
57.14,"ZON GENERAL INFO  INQUIRY",7
57.14,"CITIZEN FEEDBACK",6
57.15,"311 DOCUMENT",49
57.15,"ZON GENERAL INFO  INQUIRY",24
57.15,"EROSION",17
57.15,"FLOODING",13
57.15,"BLOCKAGE",13
57.15,"STW GENERAL INQUIRY",10
57.15,"HNS HEALTH AND SANITATION",8
57.15,"ANIMAL FOUND REPORT",7
57.15,"INVALID/NEW SW ADDRESS",6
57.15,"LANDSCAPE TREES",6
57.16,"NON_RECYCLABLE ITEMS",4987
57.16,"RECYCLABLE ITEMS",1386
57.16,"CART REPAIR-GARBAGE",301
57.16,"HNS HEALTH AND SANITATION",288
57.16,"SW DOCUMENT GARBAGE",171
57.16,"CART REPAIR-RECYCLE",125
57.16,"CDOT STREETLIGHT REPAIR",121
57.16,"MISSED RECYCLING",113
57.16,"311 DOCUMENT",97
57.16,"SW DOCUMENT YARD WASTE",77
57.18,"311 DOCUMENT",57
57.18,"BLOCKAGE",22
57.18,"EROSION",18
57.18,"COMPLAINT",17
57.18,"FLOODING",13
57.18,"CWP REQUEST",11
57.18,"3-1-1 ESCALATION REQUEST",9
57.18,"ANIMAL FOUND REPORT",6
57.18,"STW CNTY WATER QUALITY",4
57.18,"STW GENERAL INQUIRY",4
57.19,"311 DOCUMENT",53
57.19,"EROSION",20
57.19,"COMPLAINT",15
57.19,"FLOODING",15
57.19,"BLOCKAGE",11
57.19,"3-1-1 ESCALATION REQUEST",9
57.19,"HNS HEALTH AND SANITATION",6
57.19,"ANIMAL FOUND REPORT",5
57.19,"STW GENERAL INQUIRY",5
57.19,"TAX BILL INQUIRY",4
57.20,"311 DOCUMENT",42
57.20,"FLOODING",16
57.20,"EROSION",15
57.20,"BLOCKAGE",12
57.20,"COMPLAINT",12
57.20,"CWP REQUEST",5
57.20,"ANIMAL FOUND REPORT",4
57.20,"HNS HEALTH AND SANITATION",4
57.20,"STW GENERAL INQUIRY",4
57.20,"LANDSCAPE TREES",3
57.21,"311 DOCUMENT",79
57.21,"EROSION",32
57.21,"BLOCKAGE",21
57.21,"COMPLAINT",15
57.21,"CWP REQUEST",12
57.21,"FLOODING",12
57.21,"3-1-1 ESCALATION REQUEST",10
57.21,"STW GENERAL INQUIRY",8
57.21,"DEAD ANIMAL COLLECTION",4
57.21,"ZON GENERAL INFO  INQUIRY",3
57.22,"311 DOCUMENT",55
57.22,"EROSION",28
57.22,"COMPLAINT",21
57.22,"CWP REQUEST",14
57.22,"BLOCKAGE",12
57.22,"FLOODING",12
57.22,"3-1-1 ESCALATION REQUEST",8
57.22,"ZON GENERAL INFO  INQUIRY",7
57.22,"UTILITY VERIFICATION LTR",4
57.22,"CITIZEN FEEDBACK",3
57.23,"NON_RECYCLABLE ITEMS",1429
57.23,"RECYCLABLE ITEMS",372
57.23,"HNS HEALTH AND SANITATION",144
57.23,"CART REPAIR-GARBAGE",76
57.23,"311 DOCUMENT",56
57.23,"CART DELIVERY RECYCLING",47
57.23,"SW DOCUMENT GARBAGE",46
57.23,"CART(S) DEL- NEW BUILD",46
57.23,"CART ONLY DELIVER-GARB",46
57.23,"MISSED RECYCLING",35
58.11,"NON_RECYCLABLE ITEMS",8240
58.11,"RECYCLABLE ITEMS",1570
58.11,"HNS HEALTH AND SANITATION",576
58.11,"CART REPAIR-GARBAGE",294
58.11,"MISSED RECYCLING",282
58.11,"SW DOCUMENT GARBAGE",266
58.11,"SW DOCUMENT RECYCLING",183
58.11,"311 DOCUMENT",178
58.11,"CDOT STREETLIGHT REPAIR",178
58.11,"DEAD ANIMAL COLLECTION",126
58.15,"NON_RECYCLABLE ITEMS",4863
58.15,"RECYCLABLE ITEMS",995
58.15,"MISSED RECYCLING",273
58.15,"CART REPAIR-GARBAGE",252
58.15,"HNS HEALTH AND SANITATION",198
58.15,"SW DOCUMENT RECYCLING",125
58.15,"SW DOCUMENT GARBAGE",121
58.15,"CDOT STREETLIGHT REPAIR",103
58.15,"DEAD ANIMAL COLLECTION",91
58.15,"CART ISSUE/MISSING CART",91
58.16,"NON_RECYCLABLE ITEMS",4807
58.16,"RECYCLABLE ITEMS",923
58.16,"CART REPAIR-GARBAGE",274
58.16,"MISSED RECYCLING",174
58.16,"CDOT STREETLIGHT REPAIR",131
58.16,"HNS HEALTH AND SANITATION",131
58.16,"SW DOCUMENT RECYCLING",118
58.16,"SW DOCUMENT GARBAGE",111
58.16,"CART REPAIR-RECYCLE",93
58.16,"311 DOCUMENT",91
58.17,"NON_RECYCLABLE ITEMS",6533
58.17,"RECYCLABLE ITEMS",1281
58.17,"CART REPAIR-GARBAGE",252
58.17,"MISSED RECYCLING",215
58.17,"HNS HEALTH AND SANITATION",186
58.17,"CDOT STREETLIGHT REPAIR",177
58.17,"SW DOCUMENT GARBAGE",164
58.17,"SW DOCUMENT RECYCLING",144
58.17,"CART ISSUE/MISSING CART",109
58.17,"SW DOCUMENT YARD WASTE",86
58.24,"NON_RECYCLABLE ITEMS",1904
58.24,"RECYCLABLE ITEMS",404
58.24,"HNS HEALTH AND SANITATION",176
58.24,"311 DOCUMENT",162
58.24,"TIRES",98
58.24,"CART REPAIR-GARBAGE",68
58.24,"SW DOCUMENT GARBAGE",67
58.24,"CDOT STREETLIGHT REPAIR",49
58.24,"COMPLAINT",45
58.24,"MISSED RECYCLING",40
58.26,"NON_RECYCLABLE ITEMS",4802
58.26,"RECYCLABLE ITEMS",1124
58.26,"HNS HEALTH AND SANITATION",373
58.26,"CDOT STREETLIGHT REPAIR",188
58.26,"MISSED RECYCLING",169
58.26,"CART REPAIR-GARBAGE",157
58.26,"311 DOCUMENT",128
58.26,"PARKING ON LAWN WORKDAYS",119
58.26,"CART ISSUE/MISSING CART",97
58.26,"PARKING ON LAWN OFFHOURS",89
58.27,"NON_RECYCLABLE ITEMS",2990
58.27,"RECYCLABLE ITEMS",687
58.27,"HNS HEALTH AND SANITATION",234
58.27,"CART ISSUE/MISSING CART",109
58.27,"MISSED RECYCLING",98
58.27,"311 DOCUMENT",91
58.27,"CART REPAIR-GARBAGE",71
58.27,"SW DOCUMENT RECYCLING",65
58.27,"SW DOCUMENT GARBAGE",60
58.27,"TIRES",52
58.28,"NON_RECYCLABLE ITEMS",5997
58.28,"RECYCLABLE ITEMS",1065
58.28,"CART REPAIR-GARBAGE",253
58.28,"CDOT STREETLIGHT REPAIR",148
58.28,"CART ISSUE/MISSING CART",138
58.28,"CART REPAIR-RECYCLE",133
58.28,"MISSED RECYCLING",114
58.28,"HNS HEALTH AND SANITATION",109
58.28,"SW DOCUMENT GARBAGE",105
58.28,"SW DOCUMENT YARD WASTE",100
58.29,"NON_RECYCLABLE ITEMS",231
58.29,"RECYCLABLE ITEMS",54
58.29,"HNS HEALTH AND SANITATION",27
58.29,"MISSED RECYCLING",25
58.29,"311 DOCUMENT",25
58.29,"CART ISSUE/MISSING CART",14
58.29,"CART REPAIR-GARBAGE",6
58.29,"HNS HOUSING",6
58.29,"ZONING/COMPLAINT/ INSPECT",6
58.29,"CART DELIVERY RECYCLING",5
58.30,"NON_RECYCLABLE ITEMS",7588
58.30,"RECYCLABLE ITEMS",1658
58.30,"HNS HEALTH AND SANITATION",401
58.30,"CART REPAIR-GARBAGE",234
58.30,"311 DOCUMENT",144
58.30,"CDOT STREETLIGHT REPAIR",137
58.30,"MISSED RECYCLING",129
58.30,"SW DOCUMENT YARD WASTE",124
58.30,"SW DOCUMENT GARBAGE",104
58.30,"SW DOCUMENT RECYCLING",94
58.32,"NON_RECYCLABLE ITEMS",2791
58.32,"RECYCLABLE ITEMS",540
58.32,"MISSED RECYCLING",137
58.32,"CART REPAIR-GARBAGE",92
58.32,"SW DOCUMENT RECYCLING",82
58.32,"SW DOCUMENT GARBAGE",80
58.32,"CDOT STREETLIGHT REPAIR",69
58.32,"CART DELIVERY RECYCLING",61
58.32,"CART(S) DEL- NEW BUILD",59
58.32,"CART ONLY DELIVER-GARB",58
58.33,"NON_RECYCLABLE ITEMS",247
58.33,"311 DOCUMENT",108
58.33,"RECYCLABLE ITEMS",56
58.33,"EROSION",39
58.33,"COMPLAINT",32
58.33,"BLOCKAGE",23
58.33,"FLOODING",22
58.33,"CWP REQUEST",15
58.33,"STW GENERAL INQUIRY",12
58.33,"CART REPAIR-GARBAGE",11
58.34,"311 DOCUMENT",86
58.34,"COMPLAINT",32
58.34,"EROSION",23
58.34,"CWP REQUEST",21
58.34,"FLOODING",18
58.34,"BLOCKAGE",14
58.34,"UTILITY VERIFICATION LTR",10
58.34,"3-1-1 ESCALATION REQUEST",6
58.34,"CITIZEN FEEDBACK",4
58.34,"TAX BILL INQUIRY",4
58.35,"311 DOCUMENT",50
58.35,"EROSION",21
58.35,"COMPLAINT",15
58.35,"BLOCKAGE",9
58.35,"FLOODING",9
58.35,"CWP REQUEST",9
58.35,"STW GENERAL INQUIRY",3
58.35,"3-1-1 ESCALATION REQUEST",3
58.35,"CITIZEN FEEDBACK",2
58.35,"ZON GENERAL INFO  INQUIRY",2
58.36,"311 DOCUMENT",36
58.36,"EROSION",17
58.36,"DEAD ANIMAL COLLECTION",12
58.36,"FLOODING",10
58.36,"HNS HEALTH AND SANITATION",10
58.36,"BLOCKAGE",8
58.36,"POLLUTION",7
58.36,"SIDEWALK OBSTRUCT OTHER",5
58.36,"ZON GENERAL INFO  INQUIRY",4
58.36,"STW GENERAL INQUIRY",4
58.39,"NON_RECYCLABLE ITEMS",2308
58.39,"RECYCLABLE ITEMS",529
58.39,"HNS HEALTH AND SANITATION",91
58.39,"SW DOCUMENT YARD WASTE",66
58.39,"CART REPAIR-GARBAGE",66
58.39,"CDOT STREETLIGHT REPAIR",46
58.39,"SW DOCUMENT RECYCLING",45
58.39,"CART DELIVERY RECYCLING",44
58.39,"CART(S) DEL- NEW BUILD",44
58.39,"CART ONLY DELIVER-GARB",44
58.40,"NON_RECYCLABLE ITEMS",1854
58.40,"RECYCLABLE ITEMS",371
58.40,"CART REPAIR-GARBAGE",61
58.40,"MISSED RECYCLING",58
58.40,"SW DOCUMENT RECYCLING",43
58.40,"CDOT STREET SIGN REP/REPL",42
58.40,"SW DOCUMENT GARBAGE",39
58.40,"311 DOCUMENT",35
58.40,"SW DOCUMENT YARD WASTE",33
58.40,"HNS HEALTH AND SANITATION",28
58.43,"NON_RECYCLABLE ITEMS",2333
58.43,"RECYCLABLE ITEMS",448
58.43,"CART REPAIR-GARBAGE",112
58.43,"MISSED RECYCLING",105
58.43,"HNS HEALTH AND SANITATION",102
58.43,"CDOT SIDEWALK REPAIR",83
58.43,"311 DOCUMENT",82
58.43,"CDOT STREETLIGHT REPAIR",76
58.43,"SW DOCUMENT GARBAGE",64
58.43,"SW DOCUMENT YARD WASTE",61
58.45,"NON_RECYCLABLE ITEMS",3317
58.45,"RECYCLABLE ITEMS",703
58.45,"CART REPAIR-GARBAGE",220
58.45,"HNS HEALTH AND SANITATION",133
58.45,"311 DOCUMENT",93
58.45,"MISSED RECYCLING",77
58.45,"CART REPAIR-RECYCLE",66
58.45,"SW DOCUMENT GARBAGE",64
58.45,"CDOT SIDEWALK REPAIR",52
58.45,"SW DOCUMENT RECYCLING",51
58.46,"NON_RECYCLABLE ITEMS",4079
58.46,"RECYCLABLE ITEMS",761
58.46,"CART REPAIR-GARBAGE",320
58.46,"MISSED RECYCLING",114
58.46,"CART REPAIR-RECYCLE",108
58.46,"SW DOCUMENT YARD WASTE",85
58.46,"SW DOCUMENT RECYCLING",75
58.46,"SW DOCUMENT GARBAGE",75
58.46,"CART PURCHASE 2ND-GARBAGE",69
58.46,"CDOT STREETLIGHT REPAIR",67
58.47,"NON_RECYCLABLE ITEMS",5012
58.47,"RECYCLABLE ITEMS",999
58.47,"MISSED RECYCLING",331
58.47,"CART REPAIR-GARBAGE",163
58.47,"SW DOCUMENT RECYCLING",159
58.47,"DEAD ANIMAL COLLECTION",157
58.47,"HNS HEALTH AND SANITATION",139
58.47,"SW DOCUMENT GARBAGE",133
58.47,"311 DOCUMENT",101
58.47,"CDOT STREETLIGHT REPAIR",98
58.48,"NON_RECYCLABLE ITEMS",6460
58.48,"RECYCLABLE ITEMS",1362
58.48,"CART REPAIR-GARBAGE",235
58.48,"MISSED RECYCLING",160
58.48,"HNS HEALTH AND SANITATION",108
58.48,"DEAD ANIMAL COLLECTION",107
58.48,"CART PURCHASE 2ND-RECYCLE",100
58.48,"SW DOCUMENT GARBAGE",92
58.48,"CDOT STREETLIGHT REPAIR",90
58.48,"SW DOCUMENT YARD WASTE",87
58.49,"NON_RECYCLABLE ITEMS",3302
58.49,"RECYCLABLE ITEMS",771
58.49,"CART REPAIR-GARBAGE",199
58.49,"CART DELIVERY RECYCLING",107
58.49,"CART ONLY DELIVER-GARB",106
58.49,"CART(S) DEL- NEW BUILD",106
58.49,"HNS HEALTH AND SANITATION",106
58.49,"MISSED RECYCLING",102
58.49,"311 DOCUMENT",70
58.49,"SW DOCUMENT RECYCLING",67
58.50,"NON_RECYCLABLE ITEMS",1125
58.50,"RECYCLABLE ITEMS",199
58.50,"CART DELIVERY RECYCLING",151
58.50,"CART ONLY DELIVER-GARB",151
58.50,"CART(S) DEL- NEW BUILD",149
58.50,"CART REPAIR-GARBAGE",53
58.50,"MISSED RECYCLING",53
58.50,"ZONING/COMPLAINT/ INSPECT",34
58.50,"INVALID/NEW SW ADDRESS",29
58.50,"HNS HEALTH AND SANITATION",28
58.51,"NON_RECYCLABLE ITEMS",5025
58.51,"RECYCLABLE ITEMS",1175
58.51,"CART REPAIR-GARBAGE",229
58.51,"SW DOCUMENT GARBAGE",104
58.51,"HNS HEALTH AND SANITATION",101
58.51,"311 DOCUMENT",98
58.51,"CDOT STREETLIGHT REPAIR",77
58.51,"SW DOCUMENT YARD WASTE",74
58.51,"CART REPAIR-RECYCLE",61
58.51,"MISSED RECYCLING",60
58.52,"NON_RECYCLABLE ITEMS",2286
58.52,"RECYCLABLE ITEMS",436
58.52,"CART REPAIR-GARBAGE",93
58.52,"HNS HEALTH AND SANITATION",89
58.52,"MISSED RECYCLING",82
58.52,"CDOT STREETLIGHT REPAIR",55
58.52,"CART REPAIR-RECYCLE",42
58.52,"SW DOCUMENT YARD WASTE",42
58.52,"SW DOCUMENT GARBAGE",34
58.52,"SW DOCUMENT RECYCLING",29
58.53,"NON_RECYCLABLE ITEMS",1546
58.53,"RECYCLABLE ITEMS",297
58.53,"MISSED RECYCLING",142
58.53,"HNS HEALTH AND SANITATION",100
58.53,"SW DOCUMENT GARBAGE",71
58.53,"CART ISSUE/MISSING CART",69
58.53,"SW DOCUMENT RECYCLING",68
58.53,"CART REPAIR-GARBAGE",68
58.53,"311 DOCUMENT",47
58.53,"INVESTIGATE/CONTACT RECY",46
58.54,"NON_RECYCLABLE ITEMS",773
58.54,"RECYCLABLE ITEMS",150
58.54,"HNS HEALTH AND SANITATION",47
58.54,"CART REPAIR-GARBAGE",42
58.54,"311 DOCUMENT",27
58.54,"MISSED BULKY ITEM",26
58.54,"SW DOCUMENT GARBAGE",26
58.54,"MISSED RECYCLING",24
58.54,"CART REPAIR-RECYCLE",19
58.54,"CART ISSUE/MISSING CART",13
58.55,"NON_RECYCLABLE ITEMS",2269
58.55,"RECYCLABLE ITEMS",460
58.55,"CART REPAIR-GARBAGE",178
58.55,"311 DOCUMENT",111
58.55,"SW DOCUMENT GARBAGE",105
58.55,"CART(S) DEL- NEW BUILD",97
58.55,"CART ONLY DELIVER-GARB",95
58.55,"CART DELIVERY RECYCLING",94
58.55,"MISSED RECYCLING",91
58.55,"HNS HEALTH AND SANITATION",84
58.56,"NON_RECYCLABLE ITEMS",954
58.56,"RECYCLABLE ITEMS",198
58.56,"CART REPAIR-GARBAGE",61
58.56,"311 DOCUMENT",38
58.56,"HNS HEALTH AND SANITATION",35
58.56,"MISSED RECYCLING",31
58.56,"SW DOCUMENT GARBAGE",28
58.56,"CDOT STREETLIGHT REPAIR",25
58.56,"EROSION",21
58.56,"SW DOCUMENT RECYCLING",20
58.57,"NON_RECYCLABLE ITEMS",466
58.57,"RECYCLABLE ITEMS",88
58.57,"CART REPAIR-GARBAGE",76
58.57,"MISSED RECYCLING",62
58.57,"SW DOCUMENT GARBAGE",41
58.57,"311 DOCUMENT",26
58.57,"SW DOCUMENT RECYCLING",19
58.57,"CDOT STREETLIGHT REPAIR",16
58.57,"CART PURCHASE 2ND-GARBAGE",14
58.57,"HNS HEALTH AND SANITATION",13
58.58,"NON_RECYCLABLE ITEMS",1584
58.58,"RECYCLABLE ITEMS",358
58.58,"CART(S) DEL- NEW BUILD",162
58.58,"CART DELIVERY RECYCLING",162
58.58,"CART REPAIR-GARBAGE",160
58.58,"CART ONLY DELIVER-GARB",160
58.58,"311 DOCUMENT",89
58.58,"MISSED RECYCLING",88
58.58,"HNS HEALTH AND SANITATION",66
58.58,"SW DOCUMENT RECYCLING",49
58.59,"NON_RECYCLABLE ITEMS",2486
58.59,"RECYCLABLE ITEMS",432
58.59,"HNS HEALTH AND SANITATION",162
58.59,"MISSED RECYCLING",133
58.59,"CART REPAIR-GARBAGE",130
58.59,"SW DOCUMENT RECYCLING",77
58.59,"SW DOCUMENT GARBAGE",66
58.59,"CDOT STREETLIGHT REPAIR",65
58.59,"311 DOCUMENT",53
58.59,"SW DOCUMENT YARD WASTE",43
58.60,"NON_RECYCLABLE ITEMS",1585
58.60,"RECYCLABLE ITEMS",315
58.60,"MISSED RECYCLING",96
58.60,"CART REPAIR-GARBAGE",89
58.60,"CART(S) DEL- NEW BUILD",56
58.60,"CART ONLY DELIVER-GARB",56
58.60,"CART DELIVERY RECYCLING",55
58.60,"SW DOCUMENT GARBAGE",53
58.60,"SW DOCUMENT YARD WASTE",43
58.60,"SW DOCUMENT RECYCLING",42
58.61,"NON_RECYCLABLE ITEMS",3064
58.61,"RECYCLABLE ITEMS",588
58.61,"CART REPAIR-GARBAGE",124
58.61,"311 DOCUMENT",76
58.61,"HNS HEALTH AND SANITATION",66
58.61,"SW DOCUMENT GARBAGE",52
58.61,"CDOT STREETLIGHT REPAIR",52
58.61,"SW DOCUMENT RECYCLING",38
58.61,"CART REPAIR-RECYCLE",35
58.61,"MISSED RECYCLING",27
58.62,"NON_RECYCLABLE ITEMS",3726
58.62,"RECYCLABLE ITEMS",785
58.62,"CART REPAIR-GARBAGE",146
58.62,"CDOT STREETLIGHT REPAIR",125
58.62,"311 DOCUMENT",97
58.62,"HNS HEALTH AND SANITATION",95
58.62,"MISSED RECYCLING",93
58.62,"CART REPAIR-RECYCLE",66
58.62,"SW DOCUMENT GARBAGE",51
58.62,"SW DOCUMENT RECYCLING",45
58.63,"NON_RECYCLABLE ITEMS",3050
58.63,"RECYCLABLE ITEMS",661
58.63,"CART REPAIR-GARBAGE",286
58.63,"MISSED RECYCLING",124
58.63,"CDOT NEW TRAFFIC SIGNAL",97
58.63,"CDOT STREETLIGHT REPAIR",91
58.63,"SW DOCUMENT RECYCLING",66
58.63,"SW DOCUMENT GARBAGE",64
58.63,"311 DOCUMENT",62
58.63,"HNS HEALTH AND SANITATION",59
58.64,"NON_RECYCLABLE ITEMS",3389
58.64,"RECYCLABLE ITEMS",581
58.64,"CART REPAIR-GARBAGE",257
58.64,"MISSED RECYCLING",171
58.64,"HNS HEALTH AND SANITATION",148
58.64,"SW DOCUMENT GARBAGE",119
58.64,"SW DOCUMENT RECYCLING",105
58.64,"CART REPAIR-RECYCLE",65
58.64,"311 DOCUMENT",58
58.64,"CDOT STREETLIGHT REPAIR",54
58.65,"NON_RECYCLABLE ITEMS",711
58.65,"RECYCLABLE ITEMS",129
58.65,"MISSED RECYCLING",49
58.65,"311 DOCUMENT",40
58.65,"CART REPAIR-GARBAGE",36
58.65,"EROSION",26
58.65,"CART ISSUE/MISSING CART",23
58.65,"BLOCKAGE",22
58.65,"HNS HEALTH AND SANITATION",20
58.65,"CDOT STREETLIGHT REPAIR",18
58.66,"NON_RECYCLABLE ITEMS",603
58.66,"RECYCLABLE ITEMS",151
58.66,"311 DOCUMENT",69
58.66,"ZON GENERAL INFO  INQUIRY",39
58.66,"HNS HOUSING",35
58.66,"HNS HEALTH AND SANITATION",30
58.66,"ZONING/COMPLAINT/ INSPECT",26
58.66,"TIRES",24
58.66,"ZON VERIFICATION LETTERS",17
58.66,"CDOT POTHOLE REPAIR",16
58.67,"311 DOCUMENT",32
58.67,"CWP REQUEST",8
58.67,"EROSION",6
58.67,"FLOODING",5
58.67,"COMPLAINT",4
58.67,"BLOCKAGE",2
58.67,"HNS HOUSING",2
58.67,"ZON WATERSHED/SWPE INQ",1
58.67,"ZON GENERAL INFO  INQUIRY",1
58.67,"TAX BILL INQUIRY",1
58.68,"311 DOCUMENT",70
58.68,"FLOODING",7
58.68,"TAX BILL INQUIRY",4
58.68,"STW GENERAL INQUIRY",4
58.68,"EROSION",4
58.68,"CWP REQUEST",4
58.68,"COMPLAINT",4
58.68,"3-1-1 ESCALATION REQUEST",4
58.68,"BLOCKAGE",4
58.68,"ZONSETBACKS/STORAGE BUILD",1
59.08,"ZON GENERAL INFO  INQUIRY",42
59.08,"311 DOCUMENT",41
59.08,"ZON HOLDS RELEASE REQUEST",27
59.08,"ZONING/COMPLAINT/ INSPECT",19
59.08,"ZON WATERSHED/SWPE INQ",16
59.08,"EROSION",15
59.08,"DEAD ANIMAL COLLECTION",13
59.08,"FLOODING",9
59.08,"ZONSETBACKS/STORAGE BUILD",8
59.08,"STW GENERAL INQUIRY",8
59.10,"NON_RECYCLABLE ITEMS",2930
59.10,"RECYCLABLE ITEMS",828
59.10,"CART REPAIR-GARBAGE",170
59.10,"HNS HEALTH AND SANITATION",150
59.10,"311 DOCUMENT",78
59.10,"MISSED RECYCLING",76
59.10,"SW DOCUMENT GARBAGE",57
59.10,"TIRES",53
59.10,"CART REPAIR-RECYCLE",49
59.10,"ZONING/COMPLAINT/ INSPECT",41
59.13,"NON_RECYCLABLE ITEMS",8002
59.13,"RECYCLABLE ITEMS",2128
59.13,"HNS HEALTH AND SANITATION",607
59.13,"CART REPAIR-GARBAGE",403
59.13,"CDOT STREETLIGHT REPAIR",237
59.13,"MISSED RECYCLING",204
59.13,"SW DOCUMENT GARBAGE",195
59.13,"311 DOCUMENT",194
59.13,"TIRES",173
59.13,"SW DOCUMENT RECYCLING",152
59.15,"NON_RECYCLABLE ITEMS",154
59.15,"HNS HEALTH AND SANITATION",83
59.15,"311 DOCUMENT",37
59.15,"ZONING/COMPLAINT/ INSPECT",36
59.15,"CDOT STREETLIGHT REPAIR",25
59.15,"RECYCLABLE ITEMS",20
59.15,"MISSED BULKY ITEM",19
59.15,"CDOT TRAF SIGNAL TIMING",12
59.15,"MISSED GARBAGE",12
59.15,"ZON GENERAL INFO  INQUIRY",11
59.16,"NON_RECYCLABLE ITEMS",2590
59.16,"RECYCLABLE ITEMS",710
59.16,"HNS HEALTH AND SANITATION",283
59.16,"311 DOCUMENT",109
59.16,"TIRES",93
59.16,"CART REPAIR-GARBAGE",84
59.16,"CDOT TRAF SIGNAL TIMING",67
59.16,"SW DOCUMENT GARBAGE",62
59.16,"MISSED RECYCLING",57
59.16,"SW DOCUMENT YARD WASTE",48
59.18,"NON_RECYCLABLE ITEMS",5014
59.18,"RECYCLABLE ITEMS",1291
59.18,"CART(S) DEL- NEW BUILD",614
59.18,"CART DELIVERY RECYCLING",614
59.18,"CART ONLY DELIVER-GARB",610
59.18,"CART REPAIR-GARBAGE",306
59.18,"HNS HEALTH AND SANITATION",273
59.18,"MISSED RECYCLING",167
59.18,"SW DOCUMENT GARBAGE",166
59.18,"311 DOCUMENT",115
59.19,"311 DOCUMENT",104
59.19,"ZONING/COMPLAINT/ INSPECT",65
59.19,"ZON GENERAL INFO  INQUIRY",48
59.19,"HNS HEALTH AND SANITATION",40
59.19,"COMPLAINT",21
59.19,"EROSION",21
59.19,"ZON WATERSHED/SWPE INQ",17
59.19,"3-1-1 ESCALATION REQUEST",15
59.19,"CWP REQUEST",14
59.19,"NCDOT POTHOLE REQUEST",13
59.20,"ZON GENERAL INFO  INQUIRY",43
59.20,"311 DOCUMENT",36
59.20,"ZONING/COMPLAINT/ INSPECT",30
59.20,"HNS HEALTH AND SANITATION",28
59.20,"EROSION",12
59.20,"BLOCKAGE",11
59.20,"ZON HOLDS RELEASE REQUEST",8
59.20,"ZON WATERSHED/SWPE INQ",7
59.20,"FLOODING",6
59.20,"ANIMAL FOUND REPORT",5
59.21,"NON_RECYCLABLE ITEMS",699
59.21,"CART(S) DEL- NEW BUILD",185
59.21,"CART ONLY DELIVER-GARB",184
59.21,"CART DELIVERY RECYCLING",181
59.21,"HNS HEALTH AND SANITATION",171
59.21,"RECYCLABLE ITEMS",116
59.21,"MISSED RECYCLING",52
59.21,"SW DOCUMENT RECYCLING",50
59.21,"311 DOCUMENT",45
59.21,"ZONING/COMPLAINT/ INSPECT",41
59.22,"NON_RECYCLABLE ITEMS",5301
59.22,"RECYCLABLE ITEMS",1314
59.22,"CART REPAIR-GARBAGE",371
59.22,"HNS HEALTH AND SANITATION",267
59.22,"MISSED RECYCLING",203
59.22,"SW DOCUMENT GARBAGE",171
59.22,"SW DOCUMENT RECYCLING",166
59.22,"CART(S) DEL- NEW BUILD",121
59.22,"CART DELIVERY RECYCLING",121
59.22,"CART ONLY DELIVER-GARB",121
59.23,"NON_RECYCLABLE ITEMS",3427
59.23,"RECYCLABLE ITEMS",812
59.23,"CART(S) DEL- NEW BUILD",432
59.23,"CART ONLY DELIVER-GARB",429
59.23,"CART DELIVERY RECYCLING",429
59.23,"CART REPAIR-GARBAGE",209
59.23,"MISSED RECYCLING",186
59.23,"SW DOCUMENT RECYCLING",149
59.23,"HNS HEALTH AND SANITATION",149
59.23,"SW DOCUMENT GARBAGE",119
59.24,"NON_RECYCLABLE ITEMS",4822
59.24,"RECYCLABLE ITEMS",1264
59.24,"CART REPAIR-GARBAGE",336
59.24,"HNS HEALTH AND SANITATION",165
59.24,"311 DOCUMENT",128
59.24,"SW DOCUMENT GARBAGE",124
59.24,"CART REPAIR-RECYCLE",83
59.24,"CDOT STREETLIGHT REPAIR",81
59.24,"CART ISSUE/MISSING CART",78
59.24,"MISSED RECYCLING",65
59.25,"NON_RECYCLABLE ITEMS",1307
59.25,"RECYCLABLE ITEMS",286
59.25,"311 DOCUMENT",78
59.25,"CART REPAIR-GARBAGE",72
59.25,"HNS HEALTH AND SANITATION",49
59.25,"MISSED RECYCLING",45
59.25,"SW DOCUMENT GARBAGE",44
59.25,"SW DOCUMENT RECYCLING",36
59.25,"CDOT STREETLIGHT REPAIR",32
59.25,"ZONING/COMPLAINT/ INSPECT",30
59.26,"311 DOCUMENT",142
59.26,"ZONING/COMPLAINT/ INSPECT",96
59.26,"ZON HOLDS RELEASE REQUEST",89
59.26,"ZON GENERAL INFO  INQUIRY",60
59.26,"ZON WATERSHED/SWPE INQ",54
59.26,"EROSION",43
59.26,"CWP REQUEST",40
59.26,"INVALID/NEW SW ADDRESS",37
59.26,"COMPLAINT",35
59.26,"3-1-1 ESCALATION REQUEST",19
59.27,"NON_RECYCLABLE ITEMS",2954
59.27,"RECYCLABLE ITEMS",741
59.27,"HNS HEALTH AND SANITATION",249
59.27,"CART REPAIR-GARBAGE",126
59.27,"311 DOCUMENT",79
59.27,"CDOT STREETLIGHT REPAIR",72
59.27,"SW DOCUMENT GARBAGE",69
59.27,"CART REPAIR-RECYCLE",57
59.27,"SW DOCUMENT RECYCLING",56
59.27,"MISSED RECYCLING",51
59.28,"NON_RECYCLABLE ITEMS",1118
59.28,"RECYCLABLE ITEMS",329
59.28,"HNS HEALTH AND SANITATION",201
59.28,"MISSED RECYCLING",76
59.28,"311 DOCUMENT",68
59.28,"CDOT STREETLIGHT REPAIR",67
59.28,"CART REPAIR-GARBAGE",67
59.28,"ZON GENERAL INFO  INQUIRY",50
59.28,"SW DOCUMENT GARBAGE",40
59.28,"SW DOCUMENT RECYCLING",40
59.29,"NON_RECYCLABLE ITEMS",2566
59.29,"RECYCLABLE ITEMS",576
59.29,"CART REPAIR-GARBAGE",190
59.29,"HNS HEALTH AND SANITATION",159
59.29,"SW DOCUMENT GARBAGE",83
59.29,"SW DOCUMENT RECYCLING",67
59.29,"MISSED RECYCLING",65
59.29,"311 DOCUMENT",59
59.29,"CART REPAIR-RECYCLE",45
59.29,"ZONING/COMPLAINT/ INSPECT",44
59.30,"NON_RECYCLABLE ITEMS",2511
59.30,"RECYCLABLE ITEMS",613
59.30,"HNS HEALTH AND SANITATION",176
59.30,"CART REPAIR-GARBAGE",144
59.30,"CART ISSUE/MISSING CART",94
59.30,"MISSED RECYCLING",75
59.30,"SW DOCUMENT GARBAGE",74
59.30,"SW DOCUMENT RECYCLING",63
59.30,"311 DOCUMENT",51
59.30,"TIRES",37
59.31,"NON_RECYCLABLE ITEMS",3909
59.31,"RECYCLABLE ITEMS",953
59.31,"CART REPAIR-GARBAGE",178
59.31,"HNS HEALTH AND SANITATION",170
59.31,"311 DOCUMENT",101
59.31,"SW DOCUMENT GARBAGE",91
59.31,"MISSED RECYCLING",91
59.31,"SW DOCUMENT RECYCLING",78
59.31,"CDOT STREETLIGHT REPAIR",77
59.31,"CART REPAIR-RECYCLE",67
59.32,"NON_RECYCLABLE ITEMS",1910
59.32,"RECYCLABLE ITEMS",458
59.32,"TIRES",112
59.32,"CART REPAIR-GARBAGE",108
59.32,"HNS HEALTH AND SANITATION",81
59.32,"311 DOCUMENT",65
59.32,"SW DOCUMENT GARBAGE",55
59.32,"SW DOCUMENT RECYCLING",47
59.32,"MISSED RECYCLING",42
59.32,"HNS HOUSING",40
6,"NON_RECYCLABLE ITEMS",1158
6,"RECYCLABLE ITEMS",295
6,"HNS HEALTH AND SANITATION",149
6,"GRAFFITI",81
6,"CDOT STREETLIGHT REPAIR",67
6,"MISSED RECYCLING",66
6,"HNS HOUSING",66
6,"CART ISSUE/MISSING CART",48
6,"MISSED GARBAGE",47
6,"MISSED BULKY ITEM",44
60.05,"NON_RECYCLABLE ITEMS",2533
60.05,"RECYCLABLE ITEMS",734
60.05,"HNS HEALTH AND SANITATION",168
60.05,"311 DOCUMENT",130
60.05,"MISSED RECYCLING",106
60.05,"CART REPAIR-GARBAGE",93
60.05,"SW DOCUMENT RECYCLING",79
60.05,"ZON GENERAL INFO  INQUIRY",62
60.05,"SW DOCUMENT GARBAGE",55
60.05,"TIRES",53
60.08,"NON_RECYCLABLE ITEMS",5432
60.08,"RECYCLABLE ITEMS",1533
60.08,"CART REPAIR-GARBAGE",309
60.08,"HNS HEALTH AND SANITATION",308
60.08,"SW DOCUMENT GARBAGE",175
60.08,"CDOT STREETLIGHT REPAIR",135
60.08,"TIRES",134
60.08,"MISSED RECYCLING",123
60.08,"311 DOCUMENT",107
60.08,"SW DOCUMENT YARD WASTE",105
60.09,"NON_RECYCLABLE ITEMS",4499
60.09,"RECYCLABLE ITEMS",1347
60.09,"HNS HEALTH AND SANITATION",571
60.09,"SW DOCUMENT GARBAGE",254
60.09,"CART REPAIR-GARBAGE",243
60.09,"MISSED RECYCLING",145
60.09,"SW DOCUMENT RECYCLING",132
60.09,"CDOT STREETLIGHT REPAIR",132
60.09,"311 DOCUMENT",122
60.09,"CART ISSUE/MISSING CART",121
60.11,"NON_RECYCLABLE ITEMS",4330
60.11,"RECYCLABLE ITEMS",1068
60.11,"CART(S) DEL- NEW BUILD",423
60.11,"CART ONLY DELIVER-GARB",420
60.11,"CART DELIVERY RECYCLING",416
60.11,"HNS HEALTH AND SANITATION",385
60.11,"CART REPAIR-GARBAGE",155
60.11,"MISSED RECYCLING",151
60.11,"SW DOCUMENT RECYCLING",129
60.11,"SW DOCUMENT GARBAGE",128
60.12,"NON_RECYCLABLE ITEMS",6985
60.12,"RECYCLABLE ITEMS",2076
60.12,"HNS HEALTH AND SANITATION",902
60.12,"CART REPAIR-GARBAGE",314
60.12,"SW DOCUMENT GARBAGE",202
60.12,"SW DOCUMENT RECYCLING",202
60.12,"311 DOCUMENT",181
60.12,"TIRES",175
60.12,"MISSED RECYCLING",165
60.12,"SW DOCUMENT YARD WASTE",133
60.13,"NON_RECYCLABLE ITEMS",3590
60.13,"RECYCLABLE ITEMS",1061
60.13,"HNS HEALTH AND SANITATION",317
60.13,"CART REPAIR-GARBAGE",242
60.13,"CART DELIVERY RECYCLING",225
60.13,"CART(S) DEL- NEW BUILD",224
60.13,"CART ONLY DELIVER-GARB",224
60.13,"CART ISSUE/MISSING CART",136
60.13,"SW DOCUMENT GARBAGE",117
60.13,"MISSED RECYCLING",102
60.14,"NON_RECYCLABLE ITEMS",3723
60.14,"RECYCLABLE ITEMS",930
60.14,"HNS HEALTH AND SANITATION",292
60.14,"CART REPAIR-GARBAGE",250
60.14,"SW DOCUMENT GARBAGE",190
60.14,"MISSED RECYCLING",179
60.14,"SW DOCUMENT RECYCLING",130
60.14,"CDOT STREETLIGHT REPAIR",111
60.14,"311 DOCUMENT",94
60.14,"CART ISSUE/MISSING CART",83
60.15,"NON_RECYCLABLE ITEMS",6081
60.15,"RECYCLABLE ITEMS",1722
60.15,"HNS HEALTH AND SANITATION",721
60.15,"CART REPAIR-GARBAGE",353
60.15,"SW DOCUMENT GARBAGE",239
60.15,"TIRES",164
60.15,"CART ISSUE/MISSING CART",147
60.15,"311 DOCUMENT",145
60.15,"MISSED RECYCLING",144
60.15,"SW DOCUMENT YARD WASTE",142
60.16,"NON_RECYCLABLE ITEMS",4609
60.16,"RECYCLABLE ITEMS",1319
60.16,"HNS HEALTH AND SANITATION",562
60.16,"SW DOCUMENT GARBAGE",234
60.16,"CART REPAIR-GARBAGE",228
60.16,"TIRES",144
60.16,"CART ISSUE/MISSING CART",134
60.16,"311 DOCUMENT",118
60.16,"MISSED RECYCLING",109
60.16,"SW DOCUMENT RECYCLING",93
61.03,"NON_RECYCLABLE ITEMS",2063
61.03,"RECYCLABLE ITEMS",516
61.03,"CART REPAIR-GARBAGE",217
61.03,"311 DOCUMENT",95
61.03,"HNS HEALTH AND SANITATION",84
61.03,"SW DOCUMENT GARBAGE",75
61.03,"ZON GENERAL INFO  INQUIRY",68
61.03,"ZONING/COMPLAINT/ INSPECT",55
61.03,"MISSED RECYCLING",47
61.03,"CART REPAIR-RECYCLE",45
61.05,"NON_RECYCLABLE ITEMS",2460
61.05,"RECYCLABLE ITEMS",694
61.05,"HNS HEALTH AND SANITATION",175
61.05,"CART REPAIR-GARBAGE",136
61.05,"311 DOCUMENT",71
61.05,"CDOT STREETLIGHT REPAIR",62
61.05,"MISSED RECYCLING",58
61.05,"SW DOCUMENT GARBAGE",51
61.05,"SW DOCUMENT RECYCLING",50
61.05,"SW DOCUMENT YARD WASTE",43
61.08,"NON_RECYCLABLE ITEMS",6217
61.08,"RECYCLABLE ITEMS",2013
61.08,"HNS HEALTH AND SANITATION",532
61.08,"CART REPAIR-GARBAGE",454
61.08,"SW DOCUMENT RECYCLING",148
61.08,"SW DOCUMENT GARBAGE",146
61.08,"311 DOCUMENT",143
61.08,"CART ISSUE/MISSING CART",131
61.08,"TIRES",123
61.08,"CDOT STREETLIGHT REPAIR",123
61.09,"NON_RECYCLABLE ITEMS",4764
61.09,"RECYCLABLE ITEMS",1491
61.09,"HNS HEALTH AND SANITATION",522
61.09,"CART REPAIR-GARBAGE",262
61.09,"SW DOCUMENT GARBAGE",227
61.09,"311 DOCUMENT",202
61.09,"MISSED RECYCLING",193
61.09,"SW DOCUMENT RECYCLING",190
61.09,"CDOT STREETLIGHT REPAIR",127
61.09,"TIRES",120
61.10,"NON_RECYCLABLE ITEMS",7413
61.10,"RECYCLABLE ITEMS",2147
61.10,"HNS HEALTH AND SANITATION",867
61.10,"CART REPAIR-GARBAGE",388
61.10,"SW DOCUMENT GARBAGE",321
61.10,"CART DELIVERY RECYCLING",287
61.10,"CART ONLY DELIVER-GARB",285
61.10,"CART(S) DEL- NEW BUILD",275
61.10,"MISSED RECYCLING",263
61.10,"SW DOCUMENT RECYCLING",209
61.11,"NON_RECYCLABLE ITEMS",1822
61.11,"RECYCLABLE ITEMS",490
61.11,"HNS HEALTH AND SANITATION",177
61.11,"SW DOCUMENT GARBAGE",146
61.11,"311 DOCUMENT",127
61.11,"CART REPAIR-GARBAGE",74
61.11,"MISSED RECYCLING",60
61.11,"ZON GENERAL INFO  INQUIRY",47
61.11,"TIRES",47
61.11,"CDOT STREETLIGHT REPAIR",47
61.12,"NON_RECYCLABLE ITEMS",1159
61.12,"RECYCLABLE ITEMS",309
61.12,"CART REPAIR-GARBAGE",99
61.12,"HNS HEALTH AND SANITATION",82
61.12,"311 DOCUMENT",49
61.12,"ZONING/COMPLAINT/ INSPECT",45
61.12,"SW DOCUMENT GARBAGE",35
61.12,"SIGNS (NOT FOR 311 USE)",34
61.12,"SW DOCUMENT RECYCLING",26
61.12,"CART REPAIR-RECYCLE",24
61.13,"NON_RECYCLABLE ITEMS",1919
61.13,"RECYCLABLE ITEMS",512
61.13,"CART REPAIR-GARBAGE",194
61.13,"HNS HEALTH AND SANITATION",98
61.13,"CDOT STREETLIGHT REPAIR",81
61.13,"311 DOCUMENT",74
61.13,"SW DOCUMENT GARBAGE",58
61.13,"SW DOCUMENT RECYCLING",55
61.13,"MISSED RECYCLING",38
61.13,"SW DOCUMENT YARD WASTE",37
61.14,"NON_RECYCLABLE ITEMS",3349
61.14,"RECYCLABLE ITEMS",990
61.14,"CART REPAIR-GARBAGE",256
61.14,"HNS HEALTH AND SANITATION",213
61.14,"311 DOCUMENT",111
61.14,"MISSED RECYCLING",100
61.14,"SW DOCUMENT GARBAGE",98
61.14,"SW DOCUMENT RECYCLING",95
61.14,"TIRES",80
61.14,"CDOT STREETLIGHT REPAIR",74
61.15,"NON_RECYCLABLE ITEMS",675
61.15,"RECYCLABLE ITEMS",93
61.15,"CART(S) DEL- NEW BUILD",54
61.15,"CART ONLY DELIVER-GARB",53
61.15,"CART DELIVERY RECYCLING",51
61.15,"SIGNS (NOT FOR 311 USE)",39
61.15,"HNS HEALTH AND SANITATION",32
61.15,"311 DOCUMENT",22
61.15,"MISSED BULKY ITEM",19
61.15,"SW DOCUMENT GARBAGE",14
62.08,"311 DOCUMENT",59
62.08,"EROSION",11
62.08,"COMPLAINT",9
62.08,"CWP REQUEST",8
62.08,"FLOODING",6
62.08,"3-1-1 ESCALATION REQUEST",6
62.08,"BLOCKAGE",5
62.08,"STW GENERAL INQUIRY",5
62.08,"CITIZEN FEEDBACK",3
62.08,"UTILITY VERIFICATION LTR",2
62.09,"311 DOCUMENT",64
62.09,"CWP REQUEST",14
62.09,"COMPLAINT",8
62.09,"3-1-1 ESCALATION REQUEST",6
62.09,"EROSION",5
62.09,"FLOODING",4
62.09,"TAX BILL INQUIRY",3
62.09,"CITIZEN FEEDBACK",2
62.09,"UTILITY VERIFICATION LTR",2
62.09,"ZON GENERAL INFO  INQUIRY",2
62.10,"311 DOCUMENT",95
62.10,"COMPLAINT",33
62.10,"EROSION",14
62.10,"CWP REQUEST",10
62.10,"3-1-1 ESCALATION REQUEST",9
62.10,"BLOCKAGE",8
62.10,"FLOODING",6
62.10,"UTILITY VERIFICATION LTR",5
62.10,"ANIMAL FOUND REPORT",4
62.10,"TAX BILL INQUIRY",4
62.11,"311 DOCUMENT",60
62.11,"COMPLAINT",31
62.11,"EROSION",18
62.11,"3-1-1 ESCALATION REQUEST",16
62.11,"CWP REQUEST",13
62.11,"BLOCKAGE",7
62.11,"FLOODING",7
62.11,"ZON GENERAL INFO  INQUIRY",4
62.11,"CITIZEN FEEDBACK",3
62.11,"COMPLIMENT/THANKS",2
62.12,"311 DOCUMENT",72
62.12,"CWP REQUEST",15
62.12,"COMPLAINT",10
62.12,"BLOCKAGE",9
62.12,"EROSION",8
62.12,"FLOODING",7
62.12,"3-1-1 ESCALATION REQUEST",5
62.12,"CITIZEN FEEDBACK",4
62.12,"UTILITY VERIFICATION LTR",4
62.12,"STW CNTY WATER QUALITY",3
62.14,"311 DOCUMENT",64
62.14,"COMPLAINT",39
62.14,"CWP REQUEST",17
62.14,"EROSION",17
62.14,"UTILITY VERIFICATION LTR",10
62.14,"BLOCKAGE",10
62.14,"3-1-1 ESCALATION REQUEST",9
62.14,"COMPLIMENT/THANKS",5
62.14,"FLOODING",3
62.14,"NCDOT POTHOLE REQUEST",3
62.16,"311 DOCUMENT",72
62.16,"FLOODING",7
62.16,"COMPLAINT",6
62.16,"EROSION",6
62.16,"BLOCKAGE",3
62.16,"CWP REQUEST",3
62.16,"STW GENERAL INQUIRY",3
62.16,"UTILITY VERIFICATION LTR",2
62.16,"ZON GENERAL INFO  INQUIRY",2
62.16,"3-1-1 ESCALATION REQUEST",1
62.17,"311 DOCUMENT",108
62.17,"EROSION",18
62.17,"COMPLAINT",16
62.17,"CWP REQUEST",14
62.17,"FLOODING",10
62.17,"STW GENERAL INQUIRY",8
62.17,"BLOCKAGE",7
62.17,"3-1-1 ESCALATION REQUEST",6
62.17,"UTILITY VERIFICATION LTR",5
62.17,"TAX BILL INQUIRY",4
62.18,"311 DOCUMENT",54
62.18,"COMPLAINT",28
62.18,"FLOODING",15
62.18,"CWP REQUEST",8
62.18,"EROSION",8
62.18,"TAX BILL INQUIRY",6
62.18,"3-1-1 ESCALATION REQUEST",4
62.18,"STW GENERAL INQUIRY",4
62.18,"UTILITY VERIFICATION LTR",3
62.18,"BLOCKAGE",3
62.19,"311 DOCUMENT",65
62.19,"COMPLAINT",13
62.19,"FLOODING",9
62.19,"3-1-1 ESCALATION REQUEST",8
62.19,"CWP REQUEST",7
62.19,"EROSION",4
62.19,"BLOCKAGE",4
62.19,"POLLUTION",3
62.19,"CITIZEN FEEDBACK",3
62.19,"PARK & REC SVC REQUEST",2
62.20,"311 DOCUMENT",96
62.20,"COMPLAINT",15
62.20,"BLOCKAGE",8
62.20,"FLOODING",7
62.20,"EROSION",6
62.20,"STW GENERAL INQUIRY",6
62.20,"CWP REQUEST",5
62.20,"3-1-1 ESCALATION REQUEST",2
62.20,"CITIZEN FEEDBACK",2
62.20,"UTILITY VERIFICATION LTR",1
62.21,"311 DOCUMENT",68
62.21,"CWP REQUEST",19
62.21,"COMPLAINT",15
62.21,"UTILITY VERIFICATION LTR",7
62.21,"3-1-1 ESCALATION REQUEST",6
62.21,"FLOODING",6
62.21,"ANIMAL FOUND REPORT",5
62.21,"POLLUTION",5
62.21,"EROSION",3
62.21,"BLOCKAGE",3
62.22,"311 DOCUMENT",65
62.22,"COMPLAINT",19
62.22,"EROSION",17
62.22,"CWP REQUEST",12
62.22,"3-1-1 ESCALATION REQUEST",10
62.22,"STW GENERAL INQUIRY",8
62.22,"ZON GENERAL INFO  INQUIRY",6
62.22,"FLOODING",6
62.22,"BLOCKAGE",4
62.22,"COMPLIMENT/THANKS",4
62.23,"311 DOCUMENT",69
62.23,"COMPLAINT",17
62.23,"ZON GENERAL INFO  INQUIRY",11
62.23,"CWP REQUEST",9
62.23,"UTILITY VERIFICATION LTR",8
62.23,"3-1-1 ESCALATION REQUEST",6
62.23,"ANIMAL FOUND REPORT",6
62.23,"BLOCKAGE",6
62.23,"EROSION",6
62.23,"TAX BILL INQUIRY",3
62.24,"311 DOCUMENT",81
62.24,"CWP REQUEST",8
62.24,"BLOCKAGE",6
62.24,"ANIMAL FOUND REPORT",4
62.24,"STW CNTY WATER QUALITY",4
62.24,"EROSION",4
62.24,"COMPLAINT",4
62.24,"CITIZEN FEEDBACK",3
62.24,"ZON GENERAL INFO  INQUIRY",3
62.24,"3-1-1 ESCALATION REQUEST",3
63.05,"311 DOCUMENT",71
63.05,"COMPLAINT",29
63.05,"CWP REQUEST",16
63.05,"3-1-1 ESCALATION REQUEST",10
63.05,"EROSION",10
63.05,"BLOCKAGE",8
63.05,"ANIMAL FOUND REPORT",4
63.05,"TAX BILL INQUIRY",4
63.05,"FLOODING",4
63.05,"CITIZEN FEEDBACK",2
63.06,"311 DOCUMENT",51
63.06,"COMPLAINT",10
63.06,"CWP REQUEST",10
63.06,"EROSION",7
63.06,"BLOCKAGE",4
63.06,"UTILITY VERIFICATION LTR",3
63.06,"STW GENERAL INQUIRY",2
63.06,"ANIMAL FOUND REPORT",2
63.06,"CITIZEN FEEDBACK",2
63.06,"3-1-1 ESCALATION REQUEST",1
63.07,"311 DOCUMENT",99
63.07,"COMPLAINT",32
63.07,"CWP REQUEST",26
63.07,"FLOODING",13
63.07,"UTILITY VERIFICATION LTR",13
63.07,"3-1-1 ESCALATION REQUEST",10
63.07,"EROSION",8
63.07,"ANIMAL FOUND REPORT",7
63.07,"STW GENERAL INQUIRY",6
63.07,"ZON GENERAL INFO  INQUIRY",5
63.08,"311 DOCUMENT",54
63.08,"COMPLAINT",13
63.08,"UTILITY VERIFICATION LTR",9
63.08,"EROSION",9
63.08,"CWP REQUEST",8
63.08,"BLOCKAGE",6
63.08,"FLOODING",5
63.08,"3-1-1 ESCALATION REQUEST",4
63.08,"STW GENERAL INQUIRY",3
63.08,"ANIMAL FOUND REPORT",2
63.09,"311 DOCUMENT",43
63.09,"COMPLAINT",18
63.09,"CWP REQUEST",7
63.09,"UTILITY VERIFICATION LTR",6
63.09,"3-1-1 ESCALATION REQUEST",2
63.09,"ANIMAL FOUND REPORT",2
63.09,"EROSION",2
63.09,"FLOODING",2
63.09,"ZONING/COMPLAINT/ INSPECT",2
63.09,"BLOCKAGE",1
63.10,"311 DOCUMENT",64
63.10,"COMPLAINT",23
63.10,"CWP REQUEST",7
63.10,"3-1-1 ESCALATION REQUEST",6
63.10,"BLOCKAGE",5
63.10,"UTILITY VERIFICATION LTR",4
63.10,"FLOODING",3
63.10,"STW CNTY WATER QUALITY",2
63.10,"TAX BILL INQUIRY",2
63.10,"ZON GENERAL INFO  INQUIRY",2
63.11,"311 DOCUMENT",63
63.11,"COMPLAINT",22
63.11,"CWP REQUEST",15
63.11,"UTILITY VERIFICATION LTR",13
63.11,"EROSION",10
63.11,"3-1-1 ESCALATION REQUEST",8
63.11,"BLOCKAGE",5
63.11,"TAX BILL INQUIRY",5
63.11,"ANIMAL FOUND REPORT",4
63.11,"FLOODING",4
64.03,"311 DOCUMENT",158
64.03,"COMPLAINT",27
64.03,"CWP REQUEST",14
64.03,"EROSION",10
64.03,"3-1-1 ESCALATION REQUEST",7
64.03,"FLOODING",5
64.03,"UTILITY VERIFICATION LTR",5
64.03,"CITIZEN FEEDBACK",4
64.03,"STW GENERAL INQUIRY",4
64.03,"BLOCKAGE",3
64.04,"311 DOCUMENT",122
64.04,"COMPLAINT",36
64.04,"CWP REQUEST",24
64.04,"FLOODING",14
64.04,"EROSION",13
64.04,"3-1-1 ESCALATION REQUEST",10
64.04,"BLOCKAGE",6
64.04,"TAX BILL INQUIRY",5
64.04,"UTILITY VERIFICATION LTR",5
64.04,"DEAD ANIMAL COLLECTION",3
64.07,"311 DOCUMENT",69
64.07,"EROSION",13
64.07,"COMPLAINT",12
64.07,"CWP REQUEST",12
64.07,"3-1-1 ESCALATION REQUEST",11
64.07,"UTILITY VERIFICATION LTR",7
64.07,"ZONING/COMPLAINT/ INSPECT",3
64.07,"ZON GENERAL INFO  INQUIRY",3
64.07,"ANIMAL FOUND REPORT",3
64.07,"TAX BILL INQUIRY",3
64.08,"311 DOCUMENT",68
64.08,"COMPLAINT",13
64.08,"3-1-1 ESCALATION REQUEST",8
64.08,"EROSION",8
64.08,"FLOODING",5
64.08,"BLOCKAGE",5
64.08,"CWP REQUEST",5
64.08,"STW GENERAL INQUIRY",4
64.08,"UTILITY VERIFICATION LTR",4
64.08,"COMPLIMENT/THANKS",2
64.09,"311 DOCUMENT",104
64.09,"CWP REQUEST",21
64.09,"COMPLAINT",16
64.09,"3-1-1 ESCALATION REQUEST",7
64.09,"EROSION",6
64.09,"UTILITY VERIFICATION LTR",5
64.09,"FLOODING",4
64.09,"HNS HEALTH AND SANITATION",2
64.09,"POLLUTION",2
64.09,"STW GENERAL INQUIRY",2
64.10,"311 DOCUMENT",84
64.10,"COMPLAINT",16
64.10,"UTILITY VERIFICATION LTR",14
64.10,"CWP REQUEST",13
64.10,"3-1-1 ESCALATION REQUEST",7
64.10,"EROSION",7
64.10,"FLOODING",6
64.10,"ZON GENERAL INFO  INQUIRY",3
64.10,"BLOCKAGE",2
64.10,"STW CNTY WATER QUALITY",2
64.11,"311 DOCUMENT",113
64.11,"COMPLAINT",16
64.11,"CWP REQUEST",12
64.11,"UTILITY VERIFICATION LTR",9
64.11,"BLOCKAGE",8
64.11,"FLOODING",8
64.11,"EROSION",7
64.11,"TAX BILL INQUIRY",6
64.11,"STW GENERAL INQUIRY",5
64.11,"3-1-1 ESCALATION REQUEST",5
7,"NON_RECYCLABLE ITEMS",1201
7,"RECYCLABLE ITEMS",295
7,"HNS HEALTH AND SANITATION",238
7,"GRAFFITI",173
7,"CDOT NEW TRAFFIC SIGNAL",102
7,"SW DOCUMENT GARBAGE",86
7,"311 DOCUMENT",66
7,"ZON GENERAL INFO  INQUIRY",59
7,"MISSED RECYCLING",57
7,"CART ONLY DELIVER-GARB",38
8,"NON_RECYCLABLE ITEMS",3393
8,"RECYCLABLE ITEMS",784
8,"HNS HEALTH AND SANITATION",770
8,"SW DOCUMENT GARBAGE",172
8,"GRAFFITI",143
8,"CART ISSUE/MISSING CART",135
8,"CART REPAIR-GARBAGE",112
8,"TIRES",100
8,"CART DELIVERY RECYCLING",97
8,"CART(S) DEL- NEW BUILD",94
9,"NON_RECYCLABLE ITEMS",2815
9,"RECYCLABLE ITEMS",571
9,"HNS HEALTH AND SANITATION",446
9,"CART ISSUE/MISSING CART",124
9,"311 DOCUMENT",101
9,"SW DOCUMENT GARBAGE",79
9,"CART REPAIR-GARBAGE",78
9,"MISSED RECYCLING",73
9,"CART DELIVERY RECYCLING",65
9,"ZON GENERAL INFO  INQUIRY",64
9801,"CITIZEN FEEDBACK",11
9801,"DEAD ANIMAL COLLECTION",10
9801,"311 DOCUMENT",9
9801,"CDOT POTHOLE REPAIR",7
9801,"CDOT TRAF SIGNAL TIMING",7
9801,"HNS HEALTH AND SANITATION",4
9801,"ZON GENERAL INFO  INQUIRY",4
9801,"CDOT STREET SIGN REP/REPL",3
9801,"COMPLAINT",3
9801,"CWP REQUEST",3
9802,"311 DOCUMENT",55
9802,"DEAD ANIMAL COLLECTION",32
9802,"HNS HEALTH AND SANITATION",26
9802,"ZON GENERAL INFO  INQUIRY",20
9802,"BLOCKAGE",13
9802,"ZON VERIFICATION LETTERS",12
9802,"FLOODING",12
9802,"CDOT POTHOLE REPAIR",12
9802,"SWS CART RETIRE REVIEW",11
9802,"ZONING/COMPLAINT/ INSPECT",11
9803,"LANDSCAPE TREES",26
9803,"COMPLAINT",15
9803,"GRAFFITI",14
9803,"SIGNS (NOT FOR 311 USE)",13
9803,"CITIZEN FEEDBACK",12
9803,"CDOT POTHOLE REPAIR",11
9803,"ZON GENERAL INFO  INQUIRY",10
9803,"CDOT SIDEWALK REPAIR",9
9803,"CDOT MISCELLANEOUS",8
9803,"HNS HEALTH AND SANITATION",8
